time_seconds,power_watts
0.0,16.325
0.1,16.299
0.2,16.321
0.30000000000000004,16.282
0.4,16.256
0.5,16.234
0.6000000000000001,16.26
0.7000000000000001,16.268
0.8,16.262
0.9,16.283
1.0,16.292
1.1,16.299
1.2000000000000002,16.27
1.3,16.279
1.4000000000000001,16.259
1.5,16.223
1.6,16.147
1.7000000000000002,16.087
1.8,16.047
1.9000000000000001,16.001
2.0,15.973
2.1,15.939
2.2,15.915
2.3000000000000003,15.878
2.4000000000000004,15.891
2.5,15.947
2.6,16.002
2.7,17.729
2.8000000000000003,16.759
2.9000000000000004,29.684
3.0,39.604
3.1,46.043
3.2,31.317
3.3000000000000003,53.666
3.4000000000000004,25.906
3.5,38.192
3.6,62.441
3.7,52.208
3.8000000000000003,54.263
3.9000000000000004,40.515
4.0,45.911
4.1000000000000005,50.424
4.2,25.644
4.3,31.572
4.4,47.368
4.5,48.33
4.6000000000000005,29.119
4.7,27.361
4.800000000000001,35.608
4.9,56.218
5.0,44.621
5.1000000000000005,48.138
5.2,73.096
5.300000000000001,61.172
5.4,56.972
5.5,26.061
5.6000000000000005,25.654
5.7,46.758
5.800000000000001,49.799
5.9,26.168
6.0,50.335
6.1000000000000005,52.53
6.2,27.744
6.300000000000001,26.278
6.4,78.892
6.5,52.603
6.6000000000000005,44.573
6.7,26.108
6.800000000000001,76.191
6.9,62.233
7.0,57.085
7.1000000000000005,56.774
7.2,26.116
7.300000000000001,33.62
7.4,65.641
7.5,30.753
7.6000000000000005,44.009
7.7,47.106
7.800000000000001,56.715
7.9,56.85
8.0,62.599
8.1,34.542
8.200000000000001,73.036
8.3,67.724
8.4,26.007
8.5,61.427
8.6,75.748
8.700000000000001,30.972
8.8,28.56
8.9,81.575
9.0,26.148
9.1,77.292
9.200000000000001,72.567
9.3,46.503
9.4,56.959
9.5,54.878
9.600000000000001,26.18
9.700000000000001,59.347
9.8,70.428
9.9,27.017
10.0,65.608
10.100000000000001,66.198
10.200000000000001,26.402
10.3,90.339
10.4,61.503
10.5,26.343
10.600000000000001,69.462
10.700000000000001,62.966
10.8,63.359
10.9,56.683
11.0,26.294
11.100000000000001,73.213
11.200000000000001,68.191
11.3,26.265
11.4,114.894
11.5,62.28
11.600000000000001,44.808
11.700000000000001,43.087
11.8,77.175
11.9,68.54
12.0,51.16
12.100000000000001,27.156
12.200000000000001,49.55
12.3,59.88
12.4,55.55
12.5,51.392
12.600000000000001,51.705
12.700000000000001,52.36
12.8,30.997
12.9,27.907
13.0,68.429
13.100000000000001,51.179
13.200000000000001,39.578
13.3,56.067
13.4,73.921
13.5,42.018
13.600000000000001,56.193
13.700000000000001,47.499
13.8,77.321
13.9,67.421
14.0,55.229
14.100000000000001,74.34
14.200000000000001,66.157
14.3,61.14
14.4,49.972
14.5,52.663
14.600000000000001,54.454
14.700000000000001,53.481
14.8,49.845
14.9,92.094
15.0,69.218
15.100000000000001,50.165
15.200000000000001,31.724
15.3,51.433
15.4,54.131
15.5,52.295
15.600000000000001,57.395
15.700000000000001,27.658
15.8,74.328
15.9,43.497
16.0,52.326
16.1,54.8
16.2,27.301
16.3,69.451
16.400000000000002,66.398
16.5,56.734
16.6,57.929
16.7,27.306
16.8,36.521
16.900000000000002,65.477
17.0,47.242
17.1,57.727
17.2,56.178
17.3,33.668
17.400000000000002,65.691
17.5,65.441
17.6,32.152
17.7,27.22
17.8,78.573
17.900000000000002,27.92
18.0,72.615
18.1,66.545
18.2,26.733
18.3,74.719
18.400000000000002,66.315
18.5,50.563
18.6,27.636
18.7,56.603
18.8,81.558
18.900000000000002,26.833
19.0,60.966
19.1,69.857
19.200000000000003,30.591
19.3,67.521
19.400000000000002,20.72
19.5,50.663
19.6,53.709
19.700000000000003,54.954
19.8,28.354
19.900000000000002,65.521
20.0,59.619
20.1,27.882
20.200000000000003,38.204
20.3,43.568
20.400000000000002,43.983
20.5,27.178
20.6,43.124
20.700000000000003,48.367
20.8,46.877
20.900000000000002,48.608
21.0,27.272
21.1,71.366
21.200000000000003,63.137
21.3,46.051
21.400000000000002,49.637
21.5,51.21
21.6,49.797
21.700000000000003,27.343
21.8,42.12
21.900000000000002,71.162
22.0,59.639
22.1,58.122
22.200000000000003,58.207
22.3,27.371
22.400000000000002,64.368
22.5,62.993
22.6,54.847
22.700000000000003,27.771
22.8,66.704
22.900000000000002,64.402
23.0,53.063
23.1,80.097
23.200000000000003,64.685
23.3,52.058
23.400000000000002,27.695
23.5,112.999
23.6,64.528
23.700000000000003,47.531
23.8,51.793
23.900000000000002,56.95
24.0,38.123
24.1,27.837
24.200000000000003,65.588
24.3,27.279
24.400000000000002,41.205
24.5,48.57
24.6,48.131
24.700000000000003,46.436
24.8,28.664
24.900000000000002,81.483
25.0,66.855
25.1,57.573
25.200000000000003,42.558
25.3,30.036
25.400000000000002,81.482
25.5,67.138
25.6,58.773
25.700000000000003,40.468
25.8,115.045
25.900000000000002,55.83
26.0,57.165
26.1,27.719
26.200000000000003,92.293
26.3,62.28
26.400000000000002,34.405
26.5,40.664
26.6,47.323
26.700000000000003,47.429
26.8,27.53
26.900000000000002,69.651
27.0,45.68
27.1,50.568
27.200000000000003,58.655
27.3,57.13
27.400000000000002,27.569
27.5,77.69
27.6,65.709
27.700000000000003,27.638
27.8,91.422
27.900000000000002,66.138
28.0,51.872
28.1,58.305
28.200000000000003,27.63
28.3,56.764
28.400000000000002,72.063
28.5,28.092
28.6,74.931
28.700000000000003,36.267
28.8,34.96
28.900000000000002,39.894
29.0,58.181
29.1,35.792
29.200000000000003,90.175
29.3,65.695
29.400000000000002,62.012
29.5,59.339
29.6,59.373
29.700000000000003,28.254
29.8,71.416
29.900000000000002,66.605
30.0,60.335
30.1,32.395
30.200000000000003,73.196
30.3,67.974
30.400000000000002,52.618
30.5,37.78
30.6,76.064
30.700000000000003,67.145
30.8,27.817
30.900000000000002,29.575
31.0,67.545
31.1,53.246
31.200000000000003,59.007
31.3,28.096
31.400000000000002,62.161
31.5,63.961
31.6,31.538
31.700000000000003,32.447
31.8,53.984
31.900000000000002,53.984
32.0,27.931
32.1,37.808
32.2,78.44
32.300000000000004,56.838
32.4,46.15
32.5,81.692
32.6,58.628
32.7,54.651
32.800000000000004,43.061
32.9,37.574
33.0,79.619
33.1,55.529
33.2,41.972
33.300000000000004,39.433
33.4,48.213
33.5,55.44
33.6,44.788
33.7,42.188
33.800000000000004,49.402
33.9,49.924
34.0,57.779
34.1,28.714
34.2,66.865
34.300000000000004,65.029
34.4,47.937
34.5,51.524
34.6,53.441
34.7,27.909
34.800000000000004,94.266
34.9,56.489
35.0,59.563
35.1,30.108
35.2,30.733
35.300000000000004,54.905
35.4,54.852
35.5,48.392
35.6,50.507
35.7,52.307
35.800000000000004,51.792
35.9,64.591
36.0,28.351
36.1,84.004
36.2,65.539
36.300000000000004,55.007
36.4,59.492
36.5,31.28
36.6,75.548
36.7,68.379
36.800000000000004,52.548
36.9,42.417
37.0,92.005
37.1,62.832
37.2,48.131
37.300000000000004,59.251
37.4,60.248
37.5,50.378
37.6,28.544
37.7,68.394
37.800000000000004,28.949
37.9,58.704
38.0,61.827
38.1,39.995
38.2,47.019
38.300000000000004,48.47
38.400000000000006,28.268
38.5,116.35
38.6,66.374
38.7,46.843
38.800000000000004,28.61
38.900000000000006,42.211
39.0,56.775
39.1,54.521
39.2,28.394
39.300000000000004,117.736
39.400000000000006,71.362
39.5,38.041
39.6,34.806
39.7,87.992
39.800000000000004,58.437
39.900000000000006,59.949
40.0,30.235
40.1,41.883
40.2,58.255
40.300000000000004,48.753
40.400000000000006,46.129
40.5,50.964
40.6,58.767
40.7,33.255
40.800000000000004,64.617
40.900000000000006,64.227
41.0,58.785
41.1,60.244
41.2,29.019
41.300000000000004,47.463
41.400000000000006,59.102
41.5,33.083
41.6,44.009
41.7,57.695
41.800000000000004,55.336
41.900000000000006,51.017
42.0,48.098
42.1,52.306
42.2,52.796
42.300000000000004,53.057
42.400000000000006,53.664
42.5,50.182
42.6,50.629
42.7,51.398
42.800000000000004,52.988
42.900000000000006,29.886
43.0,57.67
43.1,62.099
43.2,57.343
43.300000000000004,29.217
43.400000000000006,28.892
43.5,50.447
43.6,53.117
43.7,31.59
43.800000000000004,30.399
43.900000000000006,56.836
44.0,54.003
44.1,58.763
44.2,58.178
44.300000000000004,29.54
44.400000000000006,117.121
44.5,65.538
44.6,28.607
44.7,32.863
44.800000000000004,76.908
44.900000000000006,61.541
45.0,55.472
45.1,72.461
45.2,36.611
45.300000000000004,48.282
45.400000000000006,45.362
45.5,41.653
45.6,62.808
45.7,46.496
45.800000000000004,58.919
45.900000000000006,50.911
46.0,33.44
46.1,79.668
46.2,54.844
46.300000000000004,28.871
46.400000000000006,60.691
46.5,73.729
46.6,33.002
46.7,71.283
46.800000000000004,61.266
46.900000000000006,53.082
47.0,29.059
47.1,70.617
47.2,66.414
47.300000000000004,59.301
47.400000000000006,60.312
47.5,60.39
47.6,29.346
47.7,29.03
47.800000000000004,82.323
47.900000000000006,28.907
48.0,66.253
48.1,63.085
48.2,50.764
48.300000000000004,55.725
48.400000000000006,57.327
48.5,53.185
48.6,29.124
48.7,39.533
48.800000000000004,37.27
48.900000000000006,46.131
49.0,54.81
49.1,28.966
49.2,66.483
49.300000000000004,71.323
49.400000000000006,36.61
49.5,44.603
49.6,49.515
49.7,43.547
49.800000000000004,57.965
49.900000000000006,58.375
50.0,58.139
50.1,29.513
50.2,92.982
50.300000000000004,62.357
50.400000000000006,29.22
50.5,53.458
50.6,64.506
50.7,28.892
50.800000000000004,118.095
50.900000000000006,62.044
51.0,32.757
51.1,42.154
51.2,47.512
51.300000000000004,48.846
51.400000000000006,56.693
51.5,29.637
51.6,73.001
51.7,36.37
51.800000000000004,33.704
51.900000000000006,43.851
52.0,47.947
52.1,48.433
52.2,58.096
52.300000000000004,29.881
52.400000000000006,61.38
52.5,61.291
52.6,56.313
52.7,29.206
52.800000000000004,65.683
52.900000000000006,66.388
53.0,44.034
53.1,44.544
53.2,71.024
53.300000000000004,76.705
53.400000000000006,55.974
53.5,29.369
53.6,33.796
53.7,77.323
53.800000000000004,43.108
53.900000000000006,56.834
54.0,31.75
54.1,42.107
54.2,46.839
54.300000000000004,45.395
54.400000000000006,54.251
54.5,55.927
54.6,29.327
54.7,70.509
54.800000000000004,19.863
54.900000000000006,33.562
55.0,71.034
55.1,59.58
55.2,38.62
55.300000000000004,73.757
55.400000000000006,65.315
55.5,60.524
55.6,51.741
55.7,63.809
55.800000000000004,63.142
55.900000000000006,55.039
56.0,32.319
56.1,29.881
56.2,38.103
56.300000000000004,55.412
56.400000000000006,57.884
56.5,29.064
56.6,56.635
56.7,69.704
56.800000000000004,59.62
56.900000000000006,59.822
57.0,33.809
57.1,55.339
57.2,62.045
57.300000000000004,57.838
57.400000000000006,60.828
57.5,29.913
57.6,73.911
57.7,37.257
57.800000000000004,55.929
57.900000000000006,57.816
58.0,58.662
58.1,29.563
58.2,30.805
58.300000000000004,83.713
58.400000000000006,37.474
58.5,48.67
58.6,52.113
58.7,29.668
58.800000000000004,52.677
58.900000000000006,50.008
59.0,33.483
59.1,70.126
59.2,62.863
59.300000000000004,54.922
59.400000000000006,32.944
59.5,29.524
59.6,78.937
59.7,62.593
59.800000000000004,55.09
59.900000000000006,30.501
60.0,80.766
60.1,29.289
60.2,88.301
60.300000000000004,62.313
60.400000000000006,56.672
60.5,60.577
60.6,33.708
60.7,72.999
60.800000000000004,67.399
60.900000000000006,29.343
61.0,91.815
61.1,64.403
61.2,54.219
61.300000000000004,30.237
61.400000000000006,36.005
61.5,56.601
61.6,55.097
61.7,61.178
61.800000000000004,29.463
61.900000000000006,71.942
62.0,66.678
62.1,29.509
62.2,71.415
62.300000000000004,60.803
62.400000000000006,54.21
62.5,29.873
62.6,62.261
62.7,63.338
62.800000000000004,57.762
62.900000000000006,58.458
63.0,58.84
63.1,52.715
63.2,91.116
63.300000000000004,54.193
63.400000000000006,50.787
63.5,33.159
63.6,32.739
63.7,67.86
63.800000000000004,29.568
63.900000000000006,43.643
64.0,76.7
64.10000000000001,60.223
64.2,33.71
64.3,36.795
64.4,57.112
64.5,55.738
64.60000000000001,56.302
64.7,58.527
64.8,30.06
64.9,116.567
65.0,67.151
65.10000000000001,39.123
65.2,40.183
65.3,48.183
65.4,50.23
65.5,48.392
65.60000000000001,64.943
65.7,43.43
65.8,55.339
65.9,48.91
66.0,39.515
66.10000000000001,77.571
66.2,64.863
66.3,61.327
66.4,30.379
66.5,118.638
66.60000000000001,76.891
66.7,51.8
66.8,29.544
66.9,92.497
67.0,64.161
67.10000000000001,29.995
67.2,117.914
67.3,76.755
67.4,49.866
67.5,29.983
67.60000000000001,70.941
67.7,69.429
67.8,46.34
67.9,61.276
68.0,61.686
68.10000000000001,36.899
68.2,33.457
68.3,60.232
68.4,35.288
68.5,42.814
68.60000000000001,48.899
68.7,54.567
68.8,60.716
68.9,61.212
69.0,30.19
69.10000000000001,50.909
69.2,75.414
69.3,36.568
69.4,30.521
69.5,42.431
69.60000000000001,34.281
69.7,81.621
69.8,60.946
69.9,34.49
70.0,30.396
70.10000000000001,79.134
70.2,52.657
70.3,57.168
70.4,58.569
70.5,34.146
70.60000000000001,30.109
70.7,68.918
70.8,61.733
70.9,31.989
71.0,65.991
71.10000000000001,65.443
71.2,36.076
71.3,96.466
71.4,55.539
71.5,32.085
71.60000000000001,45.352
71.7,49.59
71.8,49.362
71.9,61.826
72.0,30.616
72.10000000000001,69.849
72.2,49.587
72.3,30.65
72.4,112.567
72.5,77.939
72.60000000000001,53.393
72.7,30.401
72.8,64.788
72.9,73.173
73.0,41.78
73.10000000000001,32.428
73.2,30.71
73.3,55.92
73.4,56.571
73.5,30.064
73.60000000000001,102.534
73.7,55.127
73.8,40.153
73.9,46.831
74.0,41.042
74.10000000000001,52.531
74.2,30.554
74.3,109.762
74.4,60.847
74.5,47.868
74.60000000000001,63.338
74.7,45.111
74.8,70.475
74.9,66.788
75.0,30.166
75.10000000000001,93.708
75.2,64.002
75.3,51.554
75.4,30.252
75.5,58.787
75.60000000000001,70.87
75.7,41.627
75.8,30.996
75.9,72.062
76.0,67.283
76.10000000000001,52.472
76.2,43.229
76.3,59.575
76.4,71.213
76.5,43.873
76.60000000000001,60.377
76.7,29.966
76.80000000000001,65.31
76.9,65.851
77.0,45.201
77.10000000000001,61.433
77.2,30.47
77.30000000000001,60.349
77.4,63.24
77.5,58.559
77.60000000000001,60.22
77.7,49.264
77.80000000000001,29.972
77.9,66.977
78.0,61.36
78.10000000000001,61.161
78.2,61.483
78.30000000000001,31.309
78.4,30.009
78.5,46.223
78.60000000000001,36.806
78.7,46.031
78.80000000000001,51.035
78.9,29.673
79.0,55.217
79.10000000000001,67.835
79.2,33.896
79.30000000000001,31.764
79.4,61.116
79.5,59.364
79.60000000000001,47.198
79.7,61.319
79.80000000000001,66.01
79.9,29.776
80.0,107.257
80.10000000000001,64.091
80.2,39.463
80.30000000000001,36.282
80.4,47.421
80.5,50.113
80.60000000000001,51.737
80.7,50.65
80.80000000000001,30.34
80.9,39.157
81.0,32.523
81.10000000000001,31.075
81.2,52.969
81.30000000000001,55.564
81.4,30.208
81.5,96.951
81.60000000000001,65.532
81.7,50.618
81.80000000000001,54.978
81.9,34.286
82.0,30.288
82.10000000000001,69.135
82.2,29.886
82.30000000000001,76.122
82.4,38.074
82.5,53.81
82.60000000000001,42.968
82.7,78.68
82.80000000000001,65.577
82.9,52.657
83.0,61.264
83.10000000000001,61.351
83.2,35.585
83.30000000000001,72.744
83.4,65.298
83.5,47.479
83.60000000000001,61.263
83.7,30.454
83.80000000000001,64.611
83.9,64.732
84.0,61.526
84.10000000000001,72.743
84.2,65.816
84.30000000000001,50.938
84.4,30.937
84.5,64.895
84.60000000000001,58.896
84.7,49.017
84.80000000000001,53.576
84.9,37.268
85.0,63.746
85.10000000000001,70.721
85.2,35.704
85.30000000000001,30.593
85.4,67.296
85.5,53.572
85.60000000000001,29.731
85.7,82.52
85.80000000000001,66.133
85.9,50.176
86.0,34.192
86.10000000000001,70.508
86.2,66.606
86.30000000000001,50.855
86.4,61.179
86.5,30.09
86.60000000000001,46.387
86.7,59.432
86.80000000000001,57.773
86.9,39.319
87.0,73.042
87.10000000000001,64.57
87.2,29.864
87.30000000000001,43.163
87.4,78.094
87.5,57.184
87.60000000000001,30.026
87.7,45.021
87.80000000000001,73.262
87.9,61.037
88.0,61.329
88.10000000000001,61.258
88.2,30.141
88.30000000000001,54.412
88.4,69.923
88.5,30.013
88.60000000000001,29.524
88.7,65.552
88.80000000000001,61.075
88.9,61.243
89.0,61.449
89.10000000000001,30.034
89.2,74.895
89.30000000000001,65.524
89.4,29.911
89.5,74.938
89.60000000000001,49.901
89.7,33.777
89.80000000000001,32.833
89.9,82.645
90.0,29.749
90.10000000000001,86.169
90.2,67.792
90.30000000000001,45.395
90.4,60.273
90.5,65.248
90.60000000000001,30.17
90.7,76.021
90.80000000000001,66.291
90.9,41.72
91.0,30.576
91.10000000000001,57.1
91.2,62.064
91.30000000000001,29.879
91.4,90.104
91.5,64.03
91.60000000000001,34.041
91.7,42.064
91.80000000000001,48.391
91.9,49.713
92.0,60.56
92.10000000000001,29.865
92.2,36.514
92.30000000000001,77.876
92.4,29.626
92.5,74.162
92.60000000000001,35.666
92.7,54.61
92.80000000000001,49.241
92.9,39.214
93.0,76.257
93.10000000000001,61.463
93.2,37.081
93.30000000000001,31.205
93.4,67.514
93.5,55.323
93.60000000000001,30.003
93.7,88.693
93.80000000000001,64.2
93.9,55.142
94.0,30.529
94.10000000000001,63.117
94.2,64.23
94.30000000000001,48.357
94.4,30.378
94.5,68.255
94.60000000000001,66.468
94.7,52.292
94.80000000000001,58.684
94.9,30.785
95.0,44.601
95.10000000000001,62.96
95.2,28.777
95.30000000000001,33.217
95.4,46.935
95.5,33.852
95.60000000000001,57.279
95.7,61.652
95.80000000000001,57.2
95.9,31.575
96.0,29.827
96.10000000000001,68.041
96.2,59.326
96.30000000000001,39.108
96.4,72.263
96.5,64.025
96.60000000000001,51.454
96.7,61.216
96.80000000000001,29.76
96.9,30.33
97.0,36.279
97.10000000000001,54.504
97.2,57.623
97.30000000000001,29.83
97.4,70.342
97.5,66.216
97.60000000000001,58.683
97.7,60.627
97.80000000000001,49.338
97.9,46.198
98.0,75.62
98.10000000000001,62.748
98.2,60.212
98.30000000000001,61.997
98.4,32.126
98.5,41.494
98.60000000000001,59.566
98.7,29.547
98.80000000000001,95.044
98.9,51.105
99.0,35.103
99.10000000000001,45.629
99.2,50.309
99.30000000000001,29.694
99.4,49.751
99.5,73.527
99.60000000000001,46.414
99.7,30.675
99.80000000000001,65.11
99.9,64.893
100.0,59.385
100.10000000000001,29.821
100.2,90.005
100.30000000000001,51.853
100.4,35.303
100.5,44.087
100.60000000000001,49.293
100.7,49.115
100.80000000000001,57.803
100.9,29.712
101.0,94.025
101.10000000000001,54.88
101.2,33.509
101.30000000000001,45.794
101.4,49.565
101.5,52.79
101.60000000000001,44.319
101.7,40.602
101.80000000000001,78.386
101.9,56.505
102.0,57.765
102.10000000000001,29.633
102.2,69.452
102.30000000000001,65.954
102.4,29.637
102.5,94.901
102.60000000000001,65.115
102.7,51.098
102.80000000000001,34.463
102.9,46.194
103.0,59.429
103.10000000000001,56.918
103.2,59.771
103.30000000000001,61.156
103.4,29.875
103.5,75.479
103.60000000000001,39.903
103.7,46.02
103.80000000000001,31.764
103.9,85.689
104.0,47.266
104.10000000000001,42.111
104.2,37.892
104.30000000000001,68.352
104.4,55.676
104.5,29.799
104.60000000000001,54.715
104.7,71.844
104.80000000000001,43.785
104.9,58.819
105.0,50.632
105.10000000000001,46.609
105.2,55.407
105.30000000000001,34.646
105.4,45.173
105.5,61.468
105.60000000000001,45.477
105.7,33.806
105.80000000000001,45.4
105.9,58.402
106.0,55.947
106.10000000000001,50.543
106.2,108.159
106.30000000000001,66.445
106.4,51.068
106.5,59.992
106.60000000000001,31.23
106.7,29.499
106.80000000000001,46.313
106.9,56.488
107.0,29.737
107.10000000000001,116.757
107.2,73.658
107.30000000000001,29.875
107.4,46.402
107.5,62.854
107.60000000000001,61.121
107.7,48.737
107.80000000000001,117.688
107.9,76.345
108.0,63.845
108.10000000000001,60.951
108.2,61.073
108.30000000000001,29.542
108.4,106.866
108.5,63.225
108.60000000000001,34.734
108.7,32.033
108.80000000000001,69.124
108.9,57.205
109.0,60.807
109.10000000000001,60.867
109.2,29.447
109.30000000000001,97.648
109.4,66.593
109.5,38.326
109.60000000000001,43.307
109.7,49.954
109.80000000000001,46.938
109.9,43.658
110.0,42.986
110.10000000000001,42.885
110.2,31.927
110.30000000000001,80.585
110.4,66.903
110.5,60.946
110.60000000000001,60.766
110.7,29.668
110.80000000000001,29.441
110.9,69.845
111.0,55.791
111.10000000000001,29.752
111.2,32.836
111.30000000000001,58.28
111.4,41.962
111.5,44.881
111.60000000000001,67.775
111.7,29.005
111.80000000000001,29.341
111.9,79.639
112.0,60.627
112.10000000000001,60.997
112.2,29.472
112.30000000000001,63.251
112.4,67.732
112.5,29.522
112.60000000000001,67.585
112.7,71.384
112.80000000000001,42.417
112.9,29.282
113.0,60.96
113.10000000000001,66.735
113.2,48.344
113.30000000000001,44.314
113.4,57.455
113.5,77.538
113.60000000000001,57.397
113.7,47.813
113.80000000000001,87.112
113.9,54.156
114.0,49.272
114.10000000000001,29.048
114.2,70.478
114.30000000000001,62.624
114.4,49.398
114.5,48.995
114.60000000000001,93.694
114.7,60.14
114.80000000000001,53.51
114.9,59.428
115.0,34.415
115.10000000000001,52.67
115.2,61.903
115.30000000000001,29.16
115.4,56.407
115.5,73.052
115.60000000000001,30.367
115.7,60.875
115.80000000000001,63.183
115.9,58.242
116.0,29.251
116.10000000000001,70.796
116.2,68.761
116.30000000000001,46.834
116.4,33.245
116.5,73.981
116.60000000000001,66.939
116.7,49.058
116.80000000000001,59.906
116.9,29.551
117.0,69.679
117.10000000000001,35.375
117.2,57.358
117.30000000000001,59.244
117.4,53.446
117.5,76.369
117.60000000000001,67.722
117.7,58.386
117.80000000000001,59.903
117.9,29.113
118.0,35.405
118.10000000000001,67.484
118.2,48.69
118.30000000000001,61.851
118.4,60.489
118.5,29.659
118.60000000000001,58.0
118.7,63.73
118.80000000000001,52.492
118.9,32.769
119.0,47.687
119.10000000000001,33.784
119.2,46.378
119.30000000000001,50.318
119.4,45.521
119.5,45.556
119.60000000000001,48.812
119.7,49.128
119.80000000000001,29.586
119.9,63.713
120.0,64.744
120.10000000000001,59.285
120.2,29.247
120.30000000000001,54.257
120.4,57.586
120.5,32.762
120.60000000000001,29.281
120.7,79.642
120.80000000000001,58.565
120.9,59.751
121.0,60.178
121.10000000000001,29.089
121.2,89.103
121.30000000000001,59.359
121.4,28.976
121.5,77.801
121.60000000000001,65.987
121.7,57.048
121.80000000000001,35.358
121.9,78.561
122.0,67.623
122.10000000000001,58.955
122.2,60.446
122.30000000000001,32.009
122.4,61.481
122.5,64.103
122.60000000000001,29.188
122.7,70.354
122.80000000000001,68.425
122.9,47.237
123.0,30.714
123.10000000000001,56.874
123.2,81.678
123.30000000000001,47.029
123.4,60.35
123.5,60.909
123.60000000000001,29.782
123.7,65.791
123.80000000000001,65.631
123.9,59.136
124.0,29.202
124.10000000000001,86.61
124.2,62.348
124.30000000000001,29.71
124.4,64.614
124.5,38.835
124.60000000000001,55.79
124.7,47.601
124.80000000000001,45.172
124.9,75.796
125.0,46.257
125.10000000000001,58.827
125.2,60.364
125.30000000000001,32.116
125.4,72.029
125.5,63.884
125.60000000000001,29.197
125.7,86.225
125.80000000000001,65.437
125.9,47.251
126.0,32.89
126.10000000000001,29.033
126.2,54.656
126.30000000000001,57.752
126.4,29.399
126.5,83.506
126.60000000000001,71.321
126.7,39.497
126.80000000000001,59.34
126.9,29.352
127.0,71.283
127.10000000000001,67.225
127.2,47.686
127.30000000000001,49.374
127.4,74.005
127.5,67.507
127.60000000000001,28.991
127.7,66.296
127.80000000000001,68.822
127.9,46.893
128.0,30.009
128.1,53.748
128.20000000000002,61.122
128.3,57.363
128.4,60.44
128.5,60.862
128.6,29.074
128.70000000000002,76.566
128.8,56.187
128.9,37.789
129.0,42.308
129.1,48.868
129.20000000000002,49.182
129.3,60.638
129.4,29.687
129.5,101.627
129.6,68.902
129.70000000000002,34.172
129.8,31.524
129.9,58.06
130.0,28.972
130.1,96.296
130.20000000000002,57.205
130.3,41.077
130.4,36.957
130.5,47.385
130.6,53.135
130.70000000000002,61.558
130.8,60.762
130.9,29.716
131.0,30.442
131.1,81.255
131.20000000000002,57.024
131.3,31.058
131.4,31.306
131.5,80.49
131.6,42.088
131.70000000000002,116.746
131.8,77.637
131.9,28.424
132.0,38.696
132.1,49.71
132.20000000000002,46.239
132.3,60.008
132.4,51.312
132.5,31.035
132.6,69.486
132.70000000000002,28.952
132.8,87.543
132.9,57.822
133.0,48.857
133.1,35.454
133.20000000000002,30.003
133.3,67.55
133.4,56.213
133.5,28.945
133.6,75.633
133.70000000000002,66.982
133.8,61.984
133.9,29.893
134.0,68.239
134.1,66.464
134.20000000000002,51.835
134.3,92.58
134.4,62.457
134.5,48.101
134.6,31.908
134.70000000000002,35.26
134.8,56.708
134.9,54.576
135.0,58.686
135.1,30.341
135.20000000000002,75.021
135.3,41.026
135.4,32.906
135.5,44.629
135.6,34.779
135.70000000000002,48.199
135.8,34.852
135.9,67.345
136.0,59.769
136.1,54.586
136.20000000000002,40.561
136.3,49.469
136.4,69.343
136.5,59.158
136.6,29.47
136.70000000000002,70.002
136.8,65.62
136.9,59.81
137.0,59.861
137.1,55.306
137.20000000000002,51.556
137.3,47.788
137.4,54.926
137.5,57.628
137.6,52.015
137.70000000000002,47.408
137.8,67.967
137.9,54.106
138.0,60.879
138.1,29.54
138.20000000000002,50.31
138.3,60.963
138.4,57.385
138.5,57.71
138.6,60.956
138.70000000000002,29.209
138.8,63.059
138.9,64.979
139.0,30.095
139.1,38.922
139.20000000000002,57.509
139.3,31.036
139.4,93.498
139.5,47.494
139.6,34.274
139.70000000000002,44.928
139.8,49.829
139.9,49.152
140.0,48.022
140.1,43.943
140.20000000000002,76.37
140.3,41.33
140.4,116.613
140.5,73.649
140.6,29.295
140.70000000000002,29.083
140.8,76.566
140.9,58.058
141.0,60.83
141.1,29.022
141.20000000000002,106.355
141.3,73.125
141.4,29.09
141.5,59.457
141.6,69.592
141.70000000000002,47.073
141.8,29.792
141.9,71.22
142.0,67.291
142.1,52.669
142.20000000000002,60.004
142.3,29.052
142.4,94.003
142.5,66.319
142.6,28.891
142.70000000000002,116.496
142.8,75.988
142.9,62.605
143.0,28.99
143.1,52.529
143.20000000000002,72.737
143.3,43.785
143.4,60.125
143.5,60.288
143.6,29.309
143.70000000000002,73.603
143.8,66.21
143.9,51.599
144.0,29.483
144.1,76.413
144.20000000000002,35.567
144.3,43.825
144.4,86.827
144.5,60.829
144.6,50.729
144.70000000000002,30.1
144.8,66.361
144.9,62.816
145.0,51.718
145.1,59.208
145.20000000000002,30.077
145.3,55.831
145.4,61.154
145.5,50.889
145.6,46.38
145.70000000000002,51.053
145.8,58.06
145.9,29.459
146.0,69.271
146.1,65.839
146.20000000000002,59.978
146.3,34.127
146.4,33.753
146.5,57.176
146.6,56.135
146.70000000000002,60.643
146.8,29.783
146.9,117.788
147.0,68.562
147.1,50.041
147.20000000000002,29.247
147.3,88.23
147.4,52.741
147.5,34.213
147.6,45.605
147.70000000000002,56.247
147.8,51.468
147.9,45.805
148.0,92.195
148.1,57.307
148.20000000000002,46.902
148.3,59.669
148.4,60.451
148.5,29.21
148.6,46.525
148.70000000000002,72.523
148.8,29.252
148.9,69.458
149.0,48.176
149.1,55.904
149.20000000000002,58.255
149.3,58.929
149.4,29.261
149.5,82.997
149.6,64.663
149.70000000000002,29.245
149.8,57.096
149.9,76.1
150.0,36.141
150.1,77.74
150.20000000000002,61.351
150.3,29.399
150.4,29.331
150.5,82.888
150.6,36.689
150.70000000000002,58.133
150.8,59.115
150.9,29.267
151.0,45.381
151.1,75.992
151.20000000000002,39.008
151.3,34.049
151.4,38.492
151.5,40.583
151.6,36.907
151.70000000000002,75.551
151.8,28.997
151.9,29.358
152.0,78.764
152.1,57.208
152.20000000000002,58.824
152.3,29.392
152.4,84.741
152.5,62.409
152.6,28.853
152.70000000000002,113.988
152.8,61.66
152.9,47.87
153.0,28.835
153.1,84.821
153.20000000000002,64.162
153.3,54.763
153.4,29.517
153.5,60.17
153.60000000000002,62.677
153.70000000000002,57.797
153.8,41.034
153.9,56.427
154.0,72.491
154.10000000000002,40.75
154.20000000000002,114.482
154.3,69.416
154.4,49.897
154.5,29.204
154.60000000000002,85.851
154.70000000000002,64.393
154.8,50.568
154.9,57.981
155.0,34.328
155.10000000000002,46.084
155.20000000000002,58.757
155.3,29.164
155.4,37.726
155.5,66.083
155.60000000000002,30.231
155.70000000000002,49.185
155.8,60.253
155.9,56.913
156.0,52.579
156.10000000000002,48.638
156.20000000000002,52.624
156.3,53.313
156.4,50.722
156.5,62.287
156.60000000000002,65.853
156.70000000000002,44.278
156.8,60.71
156.9,29.801
157.0,67.404
157.10000000000002,66.467
157.20000000000002,60.08
157.3,59.649
157.4,29.18
157.5,97.389
157.60000000000002,52.149
157.70000000000002,52.602
157.8,60.182
157.9,43.998
158.0,35.965
158.10000000000002,77.244
158.20000000000002,59.802
158.3,60.542
158.4,60.788
158.5,29.435
158.60000000000002,120.387
158.70000000000002,78.959
158.8,38.855
158.9,46.398
159.0,51.454
159.10000000000002,29.263
159.20000000000002,92.412
159.3,68.101
159.4,43.558
159.5,75.807
159.60000000000002,66.665
159.70000000000002,61.532
159.8,54.012
159.9,115.264
160.0,63.727
160.10000000000002,50.759
160.20000000000002,29.102
160.3,61.118
160.4,68.673
160.5,33.89
160.60000000000002,23.971
160.70000000000002,74.279
160.8,54.674
160.9,57.48
161.0,29.021
161.10000000000002,38.2
161.20000000000002,81.535
161.3,31.909
161.4,31.435
161.5,76.357
161.60000000000002,58.086
161.70000000000002,29.514
161.8,89.261
161.9,64.179
162.0,53.438
162.10000000000002,59.979
162.20000000000002,49.052
162.3,44.065
162.4,51.313
162.5,48.921
162.60000000000002,46.424
162.70000000000002,50.428
162.8,59.201
162.9,35.042
163.0,42.393
163.10000000000002,64.815
163.20000000000002,47.727
163.3,59.121
163.4,60.34
163.5,35.161
163.60000000000002,36.229
163.70000000000002,68.615
163.8,49.504
163.9,46.795
164.0,69.16
164.10000000000002,66.716
164.20000000000002,39.308
164.3,43.134
164.4,62.105
164.5,46.948
164.60000000000002,30.141
164.70000000000002,71.054
164.8,51.48
164.9,43.052
165.0,57.428
165.10000000000002,58.626
165.20000000000002,30.008
165.3,70.551
165.4,65.451
165.5,50.024
165.60000000000002,117.8
165.70000000000002,65.732
165.8,55.428
165.9,43.08
166.0,34.652
166.10000000000002,80.355
166.20000000000002,63.237
166.3,29.85
166.4,62.355
166.5,63.516
166.60000000000002,58.543
166.70000000000002,59.761
166.8,29.845
166.9,29.095
167.0,64.111
167.10000000000002,58.573
167.20000000000002,42.623
167.3,77.085
167.4,59.054
167.5,29.155
167.60000000000002,67.457
167.70000000000002,48.206
167.8,38.51
167.9,59.684
168.0,33.798
168.10000000000002,40.362
168.20000000000002,58.155
168.3,56.252
168.4,60.01
168.5,60.913
168.60000000000002,29.292
168.70000000000002,74.092
168.8,66.85
168.9,28.921
169.0,74.761
169.10000000000002,65.127
169.20000000000002,49.91
169.3,61.1
169.4,31.767
169.5,58.253
169.60000000000002,63.146
169.70000000000002,29.335
169.8,45.053
169.9,55.971
170.0,36.352
170.10000000000002,29.916
170.20000000000002,67.684
170.3,29.267
170.4,44.198
170.5,74.184
170.60000000000002,63.269
170.70000000000002,60.508
170.8,62.117
170.9,43.062
171.0,41.474
171.10000000000002,74.484
171.20000000000002,29.223
171.3,91.047
171.4,68.857
171.5,37.758
171.60000000000002,63.941
171.70000000000002,65.327
171.8,29.071
171.9,89.374
172.0,64.225
172.10000000000002,52.356
172.20000000000002,60.319
172.3,29.306
172.4,35.856
172.5,79.614
172.60000000000002,55.276
172.70000000000002,54.83
172.8,33.895
172.9,60.137
173.0,34.077
173.10000000000002,30.279
173.20000000000002,56.589
173.3,56.185
173.4,52.488
173.5,48.584
173.60000000000002,53.077
173.70000000000002,55.01
173.8,36.812
173.9,73.464
174.0,65.803
174.10000000000002,52.763
174.20000000000002,29.42
174.3,61.719
174.4,63.641
174.5,53.047
174.60000000000002,29.356
174.70000000000002,73.392
174.8,67.261
174.9,53.58
175.0,58.166
175.10000000000002,31.494
175.20000000000002,59.7
175.3,62.711
175.4,28.688
175.5,71.832
175.60000000000002,66.968
175.70000000000002,46.708
175.8,30.176
175.9,53.649
176.0,60.004
176.10000000000002,56.283
176.20000000000002,52.679
176.3,48.666
176.4,53.264
176.5,53.378
176.60000000000002,31.274
176.70000000000002,59.423
176.8,62.574
176.9,57.718
177.0,60.9
177.10000000000002,28.843
177.20000000000002,105.287
177.3,66.917
177.4,60.592
177.5,59.18
177.60000000000002,59.661
177.70000000000002,28.902
177.8,90.179
177.9,65.105
178.0,53.519
178.10000000000002,59.62
178.20000000000002,36.649
178.3,72.856
178.4,65.644
178.5,55.083
178.60000000000002,60.818
178.70000000000002,60.946
178.8,32.017
178.9,30.284
179.0,68.362
179.10000000000002,29.026
179.20000000000002,65.871
179.3,72.561
179.4,32.026
179.5,29.825
179.60000000000002,82.113
179.70000000000002,33.566
179.8,83.641
179.9,64.374
180.0,51.421
180.10000000000002,29.6
180.20000000000002,69.217
180.3,66.498
180.4,34.747
180.5,87.438
180.60000000000002,52.609
180.70000000000002,33.955
180.8,44.877
180.9,49.943
181.0,58.538
181.10000000000002,60.272
181.20000000000002,29.403
181.3,89.834
181.4,59.044
181.5,31.721
181.60000000000002,44.277
181.70000000000002,64.268
181.8,53.895
181.9,48.032
182.0,43.609
182.10000000000002,75.077
182.20000000000002,61.214
182.3,60.486
182.4,33.831
182.5,70.556
182.60000000000002,66.725
182.70000000000002,28.96
182.8,87.458
182.9,64.211
183.0,54.086
183.10000000000002,30.675
183.20000000000002,55.049
183.3,61.05
183.4,56.308
183.5,57.016
183.60000000000002,60.319
183.70000000000002,29.906
183.8,63.206
183.9,65.299
184.0,60.185
184.10000000000002,55.787
184.20000000000002,29.535
184.3,77.248
184.4,67.418
184.5,29.863
184.60000000000002,69.274
184.70000000000002,63.706
184.8,52.491
184.9,49.953
185.0,70.416
185.10000000000002,67.213
185.20000000000002,54.121
185.3,59.257
185.4,33.888
185.5,65.141
185.60000000000002,65.035
185.70000000000002,50.527
185.8,40.234
185.9,102.531
186.0,61.679
186.10000000000002,48.68
186.20000000000002,29.312
186.3,34.549
186.4,64.748
186.5,57.95
186.60000000000002,45.134
186.70000000000002,101.145
186.8,67.341
186.9,55.063
187.0,59.315
187.10000000000002,29.574
187.20000000000002,85.202
187.3,66.519
187.4,49.224
187.5,31.178
187.60000000000002,48.953
187.70000000000002,59.459
187.8,50.591
187.9,46.263
188.0,51.634
188.10000000000002,58.931
188.20000000000002,60.161
188.3,31.238
188.4,72.991
188.5,66.838
188.60000000000002,54.348
188.70000000000002,60.249
188.8,60.592
188.9,29.16
189.0,117.249
189.10000000000002,64.687
189.20000000000002,41.362
189.3,33.814
189.4,78.608
189.5,59.597
189.60000000000002,60.455
189.70000000000002,61.777
189.8,59.161
189.9,29.14
190.0,73.153
190.10000000000002,64.899
190.20000000000002,29.287
190.3,76.617
190.4,67.814
190.5,36.756
190.60000000000002,27.154
190.70000000000002,67.109
190.8,52.775
190.9,36.963
191.0,73.386
191.10000000000002,67.52
191.20000000000002,61.691
191.3,62.124
191.4,60.707
191.5,60.958
191.60000000000002,29.227
191.70000000000002,73.257
191.8,66.404
191.9,53.285
192.0,39.074
192.10000000000002,98.071
192.20000000000002,62.466
192.3,40.343
192.4,47.454
192.5,50.661
192.60000000000002,29.75
192.70000000000002,71.379
192.8,67.267
192.9,56.885
193.0,61.225
193.10000000000002,29.299
193.20000000000002,69.524
193.3,67.258
193.4,29.382
193.5,82.505
193.60000000000002,65.185
193.70000000000002,51.668
193.8,29.274
193.9,59.033
194.0,70.036
194.10000000000002,48.303
194.20000000000002,44.326
194.3,52.477
194.4,82.53
194.5,29.074
194.60000000000002,73.411
194.70000000000002,66.795
194.8,29.896
194.9,66.971
195.0,56.004
195.10000000000002,53.349
195.20000000000002,49.647
195.3,73.588
195.4,67.803
195.5,55.51
195.60000000000002,58.127
195.70000000000002,58.144
195.8,29.857
195.9,44.306
196.0,60.243
196.10000000000002,29.253
196.20000000000002,70.016
196.3,69.365
196.4,43.314
196.5,31.476
196.60000000000002,41.382
196.70000000000002,58.733
196.8,56.376
196.9,51.94
197.0,48.114
197.10000000000002,52.723
197.20000000000002,53.301
197.3,50.554
197.4,52.239
197.5,54.969
197.60000000000002,50.604
197.70000000000002,60.534
197.8,60.632
197.9,29.917
198.0,54.09
198.10000000000002,61.269
198.20000000000002,57.396
198.3,57.908
198.4,60.304
198.5,28.968
198.60000000000002,29.18
198.70000000000002,82.133
198.8,58.149
198.9,59.548
199.0,52.209
199.10000000000002,29.322
199.20000000000002,80.074
199.3,60.536
199.4,60.386
199.5,60.503
199.60000000000002,29.259
199.70000000000002,39.15
199.8,63.678
199.9,37.449
200.0,47.812
200.10000000000002,52.072
200.20000000000002,28.861
200.3,38.689
200.4,60.548
200.5,32.629
200.60000000000002,30.769
200.70000000000002,45.59
200.8,59.664
200.9,33.736
201.0,57.142
201.10000000000002,62.474
201.20000000000002,57.966
201.3,29.006
201.4,65.435
201.5,72.331
201.60000000000002,37.497
201.70000000000002,81.733
201.8,69.407
201.9,56.019
202.0,60.693
202.10000000000002,34.609
202.20000000000002,29.573
202.3,38.016
202.4,34.957
202.5,77.346
202.60000000000002,61.222
202.70000000000002,54.78
202.8,29.342
202.9,49.577
203.0,77.645
203.10000000000002,35.299
203.20000000000002,57.479
203.3,29.163
203.4,58.087
203.5,71.254
203.60000000000002,29.295
203.70000000000002,51.033
203.8,80.415
203.9,49.337
204.0,29.703
204.10000000000002,85.788
204.20000000000002,64.281
204.3,53.382
204.4,60.853
204.5,61.061
204.60000000000002,33.632
204.70000000000002,31.484
204.8,57.277
204.9,57.482
205.0,29.94
205.10000000000002,29.368
205.20000000000002,37.294
205.3,44.222
