time_seconds,vram_usage_mb
0.0,2238.1015625
0.1,2233.4140625
0.2,2233.4140625
0.30000000000000004,2233.4140625
0.4,2233.4140625
0.5,2233.4140625
0.6000000000000001,2233.4140625
0.7000000000000001,2233.4140625
0.8,2233.4140625
0.9,2233.4140625
1.0,2233.4140625
1.1,2233.4140625
1.2000000000000002,2233.4140625
1.3,2233.4140625
1.4000000000000001,2233.4140625
1.5,2233.4140625
1.6,2233.4140625
1.7000000000000002,2233.4140625
1.8,2233.4140625
1.9000000000000001,2227.1640625
2.0,2227.1640625
2.1,2227.1640625
2.2,2227.1640625
2.3000000000000003,2227.1640625
2.4000000000000004,2227.1640625
2.5,2227.1640625
2.6,2227.1640625
2.7,2227.1640625
2.8000000000000003,2227.1640625
2.9000000000000004,2227.1640625
3.0,2227.1640625
3.1,2227.1640625
3.2,2227.1640625
3.3000000000000003,2227.1640625
3.4000000000000004,2227.1640625
3.5,2227.1640625
3.6,2227.1640625
3.7,2227.1640625
3.8000000000000003,2227.1640625
3.9000000000000004,2227.1640625
4.0,2227.1640625
4.1000000000000005,2227.1640625
4.2,2227.1640625
4.3,2227.1640625
4.4,2227.1640625
4.5,2227.1640625
4.6000000000000005,2228.6640625
4.7,2238.6640625
4.800000000000001,2260.34375
4.9,2260.34375
5.0,2278.34375
5.1000000000000005,2286.34375
5.2,2342.34375
5.300000000000001,2342.34375
5.4,2342.34375
5.5,2342.34375
5.6000000000000005,2342.34375
5.7,2382.34375
5.800000000000001,2388.34375
5.9,2388.34375
6.0,2388.34375
6.1000000000000005,2388.34375
6.2,2264.34375
6.300000000000001,2336.15625
6.4,2400.15625
6.5,2400.15625
6.6000000000000005,2400.15625
6.7,2262.15625
6.800000000000001,2336.15625
6.9,2400.15625
7.0,2260.15625
7.1000000000000005,2336.15625
7.2,2400.15625
7.300000000000001,2400.15625
7.4,2260.15625
7.5,2336.15625
7.6000000000000005,2400.15625
7.7,2400.15625
7.800000000000001,2260.15625
7.9,2336.15625
8.0,2400.15625
8.1,2400.15625
8.200000000000001,2400.15625
8.3,2260.15625
8.4,2336.15625
8.5,2400.15625
8.6,2400.15625
8.700000000000001,2260.15625
8.8,2336.15625
8.9,2400.15625
9.0,2262.15625
9.1,2336.15625
9.200000000000001,2400.15625
9.3,2400.15625
9.4,2400.15625
9.5,2260.15625
9.600000000000001,2336.15625
9.700000000000001,2400.15625
9.8,2400.15625
9.9,2400.15625
10.0,2402.15625
10.100000000000001,2402.15625
10.200000000000001,2260.15625
10.3,2336.15625
10.4,2400.15625
10.5,2260.15625
10.600000000000001,2336.15625
10.700000000000001,2400.15625
10.8,2400.15625
10.9,2400.15625
11.0,2402.15625
11.100000000000001,2262.15625
11.200000000000001,2336.15625
11.3,2400.15625
11.4,2260.15625
11.5,2336.15625
11.600000000000001,2400.15625
11.700000000000001,2262.15625
11.8,2336.15625
11.9,2400.15625
12.0,2400.15625
12.100000000000001,2262.15625
12.200000000000001,2336.15625
12.3,2400.15625
12.4,2400.15625
12.5,2400.15625
12.600000000000001,2402.15625
12.700000000000001,2402.15625
12.8,2262.15625
12.9,2336.15625
13.0,2400.15625
13.100000000000001,2262.15625
13.200000000000001,2336.15625
13.3,2400.15625
13.4,2348.15625
13.5,2262.15625
13.600000000000001,2336.15625
13.700000000000001,2400.15625
13.8,2260.15625
13.9,2336.15625
14.0,2400.15625
14.100000000000001,2400.15625
14.200000000000001,2400.15625
14.3,2262.15625
14.4,2336.15625
14.5,2400.15625
14.600000000000001,2260.15625
14.700000000000001,2336.15625
14.8,2400.15625
14.9,2400.15625
15.0,2400.15625
15.100000000000001,2260.15625
15.200000000000001,2336.15625
15.3,2400.15625
15.4,2400.15625
15.5,2260.15625
15.600000000000001,2336.15625
15.700000000000001,2400.15625
15.8,2400.15625
15.9,2260.15625
16.0,2336.15625
16.1,2400.15625
16.2,2400.15625
16.3,2260.15625
16.400000000000002,2335.65625
16.5,2399.65625
16.6,2399.65625
16.7,2259.65625
16.8,2335.65625
16.900000000000002,2399.65625
17.0,2399.65625
17.1,2399.65625
17.2,2259.65625
17.3,2335.65625
17.400000000000002,2399.65625
17.5,2259.65625
17.6,2335.65625
17.7,2399.65625
17.8,2399.65625
17.900000000000002,2259.65625
18.0,2335.65625
18.1,2399.65625
18.2,2399.65625
18.3,2259.65625
18.400000000000002,2335.65625
18.5,2399.65625
18.6,2399.65625
18.7,2259.28125
18.8,2333.28125
18.900000000000002,2397.28125
19.0,2397.28125
19.1,2397.28125
19.200000000000003,2399.28125
19.3,2259.28125
19.400000000000002,2333.28125
19.5,2397.28125
19.6,2397.28125
19.700000000000003,2397.28125
19.8,2399.28125
19.900000000000002,2257.28125
20.0,2333.28125
20.1,2397.28125
20.200000000000003,2397.28125
20.3,2397.28125
20.400000000000002,2257.28125
20.5,2333.28125
20.6,2397.28125
20.700000000000003,2397.28125
20.8,2397.28125
20.900000000000002,2399.28125
21.0,2259.28125
21.1,2333.28125
21.200000000000003,2397.28125
21.3,2257.28125
21.400000000000002,2333.28125
21.5,2397.28125
21.6,2257.28125
21.700000000000003,2333.28125
21.8,2397.28125
21.900000000000002,2257.28125
22.0,2333.28125
22.1,2397.28125
22.200000000000003,2397.28125
22.3,2259.28125
22.400000000000002,2333.28125
22.5,2397.28125
22.6,2257.28125
22.700000000000003,2333.28125
22.8,2397.28125
22.900000000000002,2257.28125
23.0,2333.28125
23.1,2397.28125
23.200000000000003,2397.28125
23.3,2397.28125
23.400000000000002,2257.28125
23.5,2333.28125
23.6,2397.28125
23.700000000000003,2257.28125
23.8,2333.28125
23.900000000000002,2397.28125
24.0,2397.28125
24.1,2259.28125
24.200000000000003,2333.28125
24.3,2397.28125
24.400000000000002,2397.28125
24.5,2397.28125
24.6,2257.28125
24.700000000000003,2333.28125
24.8,2397.28125
24.900000000000002,2257.28125
25.0,2333.28125
25.1,2397.28125
25.200000000000003,2397.28125
25.3,2259.28125
25.400000000000002,2333.28125
25.5,2397.28125
25.6,2397.28125
25.700000000000003,2397.28125
25.8,2399.28125
25.900000000000002,2259.28125
26.0,2333.28125
26.1,2397.28125
26.200000000000003,2397.28125
26.3,2397.28125
26.400000000000002,2257.28125
26.5,2333.28125
26.6,2397.28125
26.700000000000003,2257.28125
26.8,2323.40625
26.900000000000002,2387.40625
27.0,2387.40625
27.1,2387.40625
27.200000000000003,2247.40625
27.3,2323.40625
27.400000000000002,2387.40625
27.5,2387.40625
27.6,2387.40625
27.700000000000003,2389.40625
27.8,2249.40625
27.900000000000002,2323.40625
28.0,2387.40625
28.1,2247.40625
28.200000000000003,2323.40625
28.3,2387.40625
28.400000000000002,2387.15625
28.5,2247.15625
28.6,2323.15625
28.700000000000003,2387.15625
28.8,2387.15625
28.900000000000002,2387.15625
29.0,2247.15625
29.1,2323.15625
29.200000000000003,2387.15625
29.3,2387.15625
29.400000000000002,2387.15625
29.5,2389.15625
29.6,2247.15625
29.700000000000003,2323.15625
29.8,2387.15625
29.900000000000002,2387.15625
30.0,2247.15625
30.1,2323.15625
30.200000000000003,2387.15625
30.3,2249.15625
30.400000000000002,2323.15625
30.5,2387.15625
30.6,2387.15625
30.700000000000003,2387.15625
30.8,2247.15625
30.900000000000002,2323.15625
31.0,2387.15625
31.1,2387.15625
31.200000000000003,2387.15625
31.3,2389.15625
31.400000000000002,2389.15625
31.5,2247.15625
31.6,2323.15625
31.700000000000003,2387.15625
31.8,2247.15625
31.900000000000002,2323.15625
32.0,2387.15625
32.1,2387.15625
32.2,2387.15625
32.300000000000004,2389.15625
32.4,2249.15625
32.5,2323.15625
32.6,2387.15625
32.7,2247.15625
32.800000000000004,2323.15625
32.9,2387.15625
33.0,2249.15625
33.1,2323.15625
33.2,2387.15625
33.300000000000004,2249.15625
33.4,2323.15625
33.5,2387.15625
33.6,2387.15625
33.7,2387.15625
33.800000000000004,2389.15625
33.9,2277.15625
34.0,2249.15625
34.1,2323.15625
34.2,2387.15625
34.300000000000004,2387.15625
34.4,2247.15625
34.5,2323.15625
34.6,2387.15625
34.7,2387.15625
34.800000000000004,2249.15625
34.9,2323.15625
35.0,2387.15625
35.1,2247.15625
35.2,2323.15625
35.300000000000004,2387.15625
35.4,2387.15625
35.5,2387.15625
35.6,2249.15625
35.7,2323.15625
35.800000000000004,2387.15625
35.9,2247.15625
36.0,2323.15625
36.1,2387.15625
36.2,2387.15625
36.300000000000004,2387.15625
36.4,2247.15625
36.5,2323.15625
36.6,2387.15625
36.7,2387.15625
36.800000000000004,2247.15625
36.9,2323.15625
37.0,2387.15625
37.1,2387.15625
37.2,2247.15625
37.300000000000004,2323.15625
37.4,2387.15625
37.5,2387.15625
37.6,2247.15625
37.7,2329.65625
37.800000000000004,2393.65625
37.9,2393.65625
38.0,2393.65625
38.1,2253.65625
38.2,2329.65625
38.300000000000004,2393.65625
38.400000000000006,2393.65625
38.5,2393.65625
38.6,2395.65625
38.7,2253.65625
38.800000000000004,2329.65625
38.900000000000006,2393.65625
39.0,2253.65625
39.1,2329.65625
39.2,2393.65625
39.300000000000004,2249.59375
39.400000000000006,2325.59375
39.5,2389.59375
39.6,2389.59375
39.7,2251.59375
39.800000000000004,2325.59375
39.900000000000006,2385.59375
40.0,2385.59375
40.1,2247.59375
40.2,2321.59375
40.300000000000004,2385.59375
40.400000000000006,2385.59375
40.5,2385.59375
40.6,2387.59375
40.7,2247.59375
40.800000000000004,2321.59375
40.900000000000006,2385.59375
41.0,2385.59375
41.1,2385.59375
41.2,2387.59375
41.300000000000004,2245.59375
41.400000000000006,2321.59375
41.5,2385.59375
41.6,2385.59375
41.7,2385.59375
41.800000000000004,2245.59375
41.900000000000006,2321.59375
42.0,2385.59375
42.1,2385.59375
42.2,2385.59375
42.300000000000004,2387.59375
42.400000000000006,2275.59375
42.5,2247.59375
42.6,2321.59375
42.7,2385.59375
42.800000000000004,2245.59375
42.900000000000006,2321.59375
43.0,2385.59375
43.1,2245.59375
43.2,2321.59375
43.300000000000004,2385.59375
43.400000000000006,2245.59375
43.5,2321.59375
43.6,2385.59375
43.7,2385.59375
43.800000000000004,2247.59375
43.900000000000006,2321.59375
44.0,2385.59375
44.1,2385.59375
44.2,2245.59375
44.300000000000004,2321.59375
44.400000000000006,2385.59375
44.5,2245.59375
44.6,2321.59375
44.7,2385.59375
44.800000000000004,2385.59375
44.900000000000006,2385.59375
45.0,2387.59375
45.1,2245.59375
45.2,2321.59375
45.300000000000004,2385.59375
45.400000000000006,2245.59375
45.5,2321.59375
45.6,2385.59375
45.7,2385.59375
45.800000000000004,2247.59375
45.900000000000006,2321.59375
46.0,2385.59375
46.1,2385.59375
46.2,2385.59375
46.300000000000004,2245.59375
46.400000000000006,2321.59375
46.5,2385.59375
46.6,2245.59375
46.7,2321.59375
46.800000000000004,2385.59375
46.900000000000006,2385.59375
47.0,2247.59375
47.1,2321.59375
47.2,2385.59375
47.300000000000004,2385.59375
47.400000000000006,2385.59375
47.5,2387.59375
47.6,2247.59375
47.7,2321.59375
47.800000000000004,2385.59375
47.900000000000006,2385.59375
48.0,2245.59375
48.1,2321.59375
48.2,2385.59375
48.300000000000004,2385.59375
48.400000000000006,2247.59375
48.5,2319.21875
48.6,2383.21875
48.7,2383.21875
48.800000000000004,2243.21875
48.900000000000006,2319.21875
49.0,2383.21875
49.1,2383.21875
49.2,2383.21875
49.300000000000004,2385.21875
49.400000000000006,2245.21875
49.5,2319.21875
49.6,2383.21875
49.7,2243.21875
49.800000000000004,2319.21875
49.900000000000006,2383.21875
50.0,2383.21875
50.1,2243.21875
50.2,2319.21875
50.300000000000004,2383.21875
50.400000000000006,2383.21875
50.5,2245.21875
50.6,2319.21875
50.7,2383.21875
50.800000000000004,2383.21875
50.900000000000006,2383.21875
51.0,2385.21875
51.1,2245.21875
51.2,2319.21875
51.300000000000004,2383.21875
51.400000000000006,2383.21875
51.5,2243.21875
51.6,2319.21875
51.7,2383.21875
51.800000000000004,2243.21875
51.900000000000006,2319.21875
52.0,2383.21875
52.1,2383.21875
52.2,2383.21875
52.300000000000004,2243.21875
52.400000000000006,2319.21875
52.5,2383.21875
52.6,2383.21875
52.7,2383.21875
52.800000000000004,2385.21875
52.900000000000006,2385.21875
53.0,2243.21875
53.1,2319.21875
53.2,2383.21875
53.300000000000004,2245.21875
53.400000000000006,2319.21875
53.5,2383.21875
53.6,2383.21875
53.7,2383.21875
53.800000000000004,2385.21875
53.900000000000006,2243.21875
54.0,2319.21875
54.1,2383.21875
54.2,2245.21875
54.300000000000004,2319.21875
54.400000000000006,2383.21875
54.5,2245.21875
54.6,2319.21875
54.7,2383.21875
54.800000000000004,2243.21875
54.900000000000006,2319.21875
55.0,2383.21875
55.1,2383.21875
55.2,2383.21875
55.300000000000004,2385.21875
55.400000000000006,2385.21875
55.5,2247.21875
55.6,2319.21875
55.7,2383.21875
55.800000000000004,2383.21875
55.900000000000006,2245.21875
56.0,2319.21875
56.1,2383.21875
56.2,2383.21875
56.300000000000004,2243.21875
56.400000000000006,2319.21875
56.5,2383.21875
56.6,2243.21875
56.7,2319.21875
56.800000000000004,2383.21875
56.900000000000006,2383.21875
57.0,2383.21875
57.1,2245.21875
57.2,2319.21875
57.300000000000004,2383.21875
57.400000000000006,2243.21875
57.5,2319.21875
57.6,2383.21875
57.7,2383.21875
57.800000000000004,2271.21875
57.900000000000006,2245.21875
58.0,2319.21875
58.1,2383.21875
58.2,2383.21875
58.300000000000004,2245.21875
58.400000000000006,2319.21875
58.5,2383.21875
58.6,2383.21875
58.7,2243.21875
58.800000000000004,2319.21875
58.900000000000006,2383.21875
59.0,2383.21875
59.1,2245.21875
59.2,2319.21875
59.300000000000004,2383.21875
59.400000000000006,2383.21875
59.5,2383.21875
59.6,2245.21875
59.7,2319.21875
59.800000000000004,2383.21875
59.900000000000006,2383.21875
60.0,2383.21875
60.1,2385.21875
60.2,2245.21875
60.300000000000004,2319.21875
60.400000000000006,2383.21875
60.5,2243.21875
60.6,2319.21875
60.7,2383.21875
60.800000000000004,2243.21875
60.900000000000006,2319.21875
61.0,2383.21875
61.1,2383.21875
61.2,2245.21875
61.300000000000004,2319.21875
61.400000000000006,2383.21875
61.5,2383.21875
61.6,2243.21875
61.7,2319.21875
61.800000000000004,2383.21875
61.900000000000006,2383.21875
62.0,2383.21875
62.1,2245.21875
62.2,2319.21875
62.300000000000004,2383.21875
62.400000000000006,2383.21875
62.5,2383.21875
62.6,2385.21875
62.7,2245.21875
62.800000000000004,2319.21875
62.900000000000006,2383.21875
63.0,2383.21875
63.1,2383.21875
63.2,2245.21875
63.300000000000004,2319.21875
63.400000000000006,2383.21875
63.5,2383.21875
63.6,2383.21875
63.7,2385.21875
63.800000000000004,2385.21875
63.900000000000006,2245.21875
64.0,2319.21875
64.10000000000001,2383.21875
64.2,2243.21875
64.3,2319.21875
64.4,2383.21875
64.5,2245.21875
64.60000000000001,2319.21875
64.7,2383.21875
64.8,2243.21875
64.9,2319.21875
65.0,2383.21875
65.10000000000001,2383.21875
65.2,2245.21875
65.3,2319.21875
65.4,2383.21875
65.5,2383.21875
65.60000000000001,2243.21875
65.7,2319.21875
65.8,2383.21875
65.9,2245.21875
66.0,2319.21875
66.10000000000001,2383.21875
66.2,2383.21875
66.3,2383.21875
66.4,2385.21875
66.5,2245.21875
66.60000000000001,2319.21875
66.7,2383.21875
66.8,2245.21875
66.9,2319.21875
67.0,2383.21875
67.10000000000001,2383.21875
67.2,2243.21875
67.3,2319.21875
67.4,2383.21875
67.5,2383.21875
67.60000000000001,2383.21875
67.7,2243.21875
67.8,2319.21875
67.9,2383.21875
68.0,2243.21875
68.10000000000001,2319.21875
68.2,2383.21875
68.3,2383.21875
68.4,2243.21875
68.5,2319.21875
68.60000000000001,2383.21875
68.7,2383.21875
68.8,2383.21875
68.9,2385.21875
69.0,2245.21875
69.10000000000001,2319.21875
69.2,2383.21875
69.3,2383.21875
69.4,2383.21875
69.5,2243.21875
69.60000000000001,2319.21875
69.7,2383.21875
69.8,2367.21875
69.9,2243.21875
70.0,2319.21875
70.10000000000001,2383.21875
70.2,2383.21875
70.3,2383.21875
70.4,2243.21875
70.5,2319.21875
70.60000000000001,2383.21875
70.7,2383.21875
70.8,2383.21875
70.9,2385.21875
71.0,2245.21875
71.10000000000001,2319.21875
71.2,2383.21875
71.3,2243.21875
71.4,2319.21875
71.5,2383.21875
71.60000000000001,2383.21875
71.7,2243.21875
71.8,2319.21875
71.9,2383.21875
72.0,2383.21875
72.10000000000001,2245.21875
72.2,2319.21875
72.3,2383.21875
72.4,2383.21875
72.5,2383.21875
72.60000000000001,2385.21875
72.7,2245.21875
72.8,2319.21875
72.9,2383.21875
73.0,2383.21875
73.10000000000001,2243.21875
73.2,2319.21875
73.3,2383.21875
73.4,2243.21875
73.5,2319.21875
73.60000000000001,2383.21875
73.7,2383.21875
73.8,2383.21875
73.9,2243.21875
74.0,2319.21875
74.10000000000001,2383.21875
74.2,2383.21875
74.3,2383.21875
74.4,2385.21875
74.5,2243.21875
74.60000000000001,2319.21875
74.7,2383.21875
74.8,2245.21875
74.9,2319.21875
75.0,2383.21875
75.10000000000001,2383.21875
75.2,2383.21875
75.3,2385.21875
75.4,2243.21875
75.5,2319.21875
75.60000000000001,2383.21875
75.7,2245.21875
75.8,2319.21875
75.9,2383.21875
76.0,2245.21875
76.10000000000001,2319.21875
76.2,2383.21875
76.3,2243.21875
76.4,2319.21875
76.5,2383.21875
76.60000000000001,2383.21875
76.7,2383.21875
76.80000000000001,2385.21875
76.9,2385.21875
77.0,2247.21875
77.10000000000001,2319.21875
77.2,2383.21875
77.30000000000001,2383.21875
77.4,2245.21875
77.5,2319.21875
77.60000000000001,2383.21875
77.7,2243.21875
77.80000000000001,2319.21875
77.9,2383.21875
78.0,2243.21875
78.10000000000001,2319.21875
78.2,2383.21875
78.30000000000001,2383.21875
78.4,2383.21875
78.5,2245.21875
78.60000000000001,2319.21875
78.7,2383.21875
78.80000000000001,2243.21875
78.9,2319.21875
79.0,2383.21875
79.10000000000001,2383.21875
79.2,2383.21875
79.30000000000001,2245.21875
79.4,2319.21875
79.5,2383.21875
79.60000000000001,2383.21875
79.7,2245.21875
79.80000000000001,2319.21875
79.9,2383.21875
80.0,2383.21875
80.10000000000001,2243.21875
80.2,2319.21875
80.30000000000001,2383.21875
80.4,2383.21875
80.5,2245.21875
80.60000000000001,2319.21875
80.7,2383.21875
80.80000000000001,2383.21875
80.9,2383.21875
81.0,2245.21875
81.10000000000001,2319.21875
81.2,2383.21875
81.30000000000001,2383.21875
81.4,2383.21875
81.5,2385.21875
81.60000000000001,2245.21875
81.7,2319.21875
81.80000000000001,2383.21875
81.9,2243.21875
82.0,2319.21875
82.10000000000001,2383.21875
82.2,2383.21875
82.30000000000001,2245.21875
82.4,2319.21875
82.5,2383.21875
82.60000000000001,2383.21875
82.7,2245.21875
82.80000000000001,2319.21875
82.9,2383.21875
83.0,2383.21875
83.10000000000001,2243.21875
83.2,2319.21875
83.30000000000001,2383.21875
83.4,2383.21875
83.5,2383.21875
83.60000000000001,2385.21875
83.7,2245.21875
83.80000000000001,2319.21875
83.9,2383.21875
84.0,2383.21875
84.10000000000001,2383.21875
84.2,2385.21875
84.30000000000001,2245.21875
84.4,2319.21875
84.5,2383.21875
84.60000000000001,2383.21875
84.7,2383.21875
84.80000000000001,2245.21875
84.9,2319.21875
85.0,2383.21875
85.10000000000001,2383.21875
85.2,2383.21875
85.30000000000001,2385.21875
85.4,2245.21875
85.5,2319.21875
85.60000000000001,2383.21875
85.7,2243.21875
85.80000000000001,2319.21875
85.9,2383.21875
86.0,2245.21875
86.10000000000001,2319.21875
86.2,2383.21875
86.30000000000001,2243.21875
86.4,2319.21875
86.5,2383.21875
86.60000000000001,2383.21875
86.7,2245.21875
86.80000000000001,2319.21875
86.9,2383.21875
87.0,2383.21875
87.10000000000001,2243.21875
87.2,2319.21875
87.30000000000001,2383.21875
87.4,2245.21875
87.5,2319.21875
87.60000000000001,2383.21875
87.7,2383.21875
87.80000000000001,2383.21875
87.9,2385.21875
88.0,2245.21875
88.10000000000001,2319.21875
88.2,2383.21875
88.30000000000001,2245.21875
88.4,2319.21875
88.5,2383.21875
88.60000000000001,2383.21875
88.7,2243.21875
88.80000000000001,2319.21875
88.9,2383.21875
89.0,2383.21875
89.10000000000001,2383.21875
89.2,2243.21875
89.30000000000001,2319.21875
89.4,2383.21875
89.5,2243.21875
89.60000000000001,2319.21875
89.7,2383.21875
89.80000000000001,2383.21875
89.9,2243.21875
90.0,2319.21875
90.10000000000001,2383.21875
90.2,2383.21875
90.30000000000001,2383.21875
90.4,2385.21875
90.5,2385.21875
90.60000000000001,2245.21875
90.7,2319.21875
90.80000000000001,2383.21875
90.9,2383.21875
91.0,2383.21875
91.10000000000001,2243.21875
91.2,2319.21875
91.30000000000001,2383.21875
91.4,2383.21875
91.5,2243.21875
91.60000000000001,2319.21875
91.7,2383.21875
91.80000000000001,2383.21875
91.9,2383.21875
92.0,2245.21875
92.10000000000001,2319.21875
92.2,2383.21875
92.30000000000001,2383.21875
92.4,2383.21875
92.5,2385.21875
92.60000000000001,2243.21875
92.7,2319.21875
92.80000000000001,2383.21875
92.9,2245.21875
93.0,2319.21875
93.10000000000001,2383.21875
93.2,2383.21875
93.30000000000001,2243.21875
93.4,2319.21875
93.5,2383.21875
93.60000000000001,2383.21875
93.7,2383.21875
93.80000000000001,2245.21875
93.9,2319.21875
94.0,2383.21875
94.10000000000001,2383.21875
94.2,2383.21875
94.30000000000001,2245.21875
94.4,2319.21875
94.5,2383.21875
94.60000000000001,2383.21875
94.7,2245.21875
94.80000000000001,2319.21875
94.9,2383.21875
95.0,2243.21875
95.10000000000001,2319.21875
95.2,2383.21875
95.30000000000001,2383.21875
95.4,2383.21875
95.5,2243.21875
95.60000000000001,2319.21875
95.7,2383.21875
95.80000000000001,2383.21875
95.9,2383.21875
96.0,2385.21875
96.10000000000001,2385.21875
96.2,2245.21875
96.30000000000001,2319.21875
96.4,2383.21875
96.5,2243.21875
96.60000000000001,2319.21875
96.7,2383.21875
96.80000000000001,2383.21875
96.9,2383.21875
97.0,2385.21875
97.10000000000001,2243.21875
97.2,2319.21875
97.30000000000001,2383.21875
97.4,2243.21875
97.5,2319.21875
97.60000000000001,2383.21875
97.7,2243.21875
97.80000000000001,2319.21875
97.9,2383.21875
98.0,2245.21875
98.10000000000001,2319.21875
98.2,2383.21875
98.30000000000001,2383.21875
98.4,2383.21875
98.5,2385.21875
98.60000000000001,2385.21875
98.7,2243.21875
98.80000000000001,2319.21875
98.9,2383.21875
99.0,2383.21875
99.10000000000001,2245.21875
99.2,2319.21875
99.30000000000001,2383.21875
99.4,2383.21875
99.5,2245.21875
99.60000000000001,2319.21875
99.7,2383.21875
99.80000000000001,2245.21875
99.9,2319.21875
100.0,2383.21875
100.10000000000001,2383.21875
100.2,2383.21875
100.30000000000001,2245.21875
100.4,2319.21875
100.5,2383.21875
100.60000000000001,2245.21875
100.7,2319.21875
100.80000000000001,2383.21875
100.9,2383.21875
101.0,2383.21875
101.10000000000001,2245.21875
101.2,2319.21875
101.30000000000001,2383.21875
101.4,2383.21875
101.5,2243.21875
101.60000000000001,2319.21875
101.7,2383.21875
101.80000000000001,2383.21875
101.9,2243.21875
102.0,2319.21875
102.10000000000001,2383.21875
102.2,2383.21875
102.30000000000001,2245.21875
102.4,2319.21875
102.5,2383.21875
102.60000000000001,2383.21875
102.7,2245.21875
102.80000000000001,2319.21875
102.9,2383.21875
103.0,2383.21875
103.10000000000001,2383.21875
103.2,2385.21875
103.30000000000001,2243.21875
103.4,2319.21875
103.5,2383.21875
103.60000000000001,2245.21875
103.7,2319.21875
103.80000000000001,2383.21875
103.9,2243.21875
104.0,2319.21875
104.10000000000001,2383.21875
104.2,2383.21875
104.30000000000001,2243.21875
104.4,2319.21875
104.5,2383.21875
104.60000000000001,2383.21875
104.7,2245.21875
104.80000000000001,2319.21875
104.9,2383.21875
105.0,2383.21875
105.10000000000001,2383.21875
105.2,2385.21875
105.30000000000001,2245.21875
105.4,2319.21875
105.5,2383.21875
105.60000000000001,2383.21875
105.7,2383.21875
105.80000000000001,2385.21875
105.9,2245.21875
106.0,2319.21875
106.10000000000001,2383.21875
106.2,2383.21875
106.30000000000001,2383.21875
106.4,2245.21875
106.5,2319.21875
106.60000000000001,2383.21875
106.7,2383.21875
106.80000000000001,2383.21875
106.9,2385.21875
107.0,2385.21875
107.10000000000001,2243.21875
107.2,2319.21875
107.30000000000001,2383.21875
107.4,2245.21875
107.5,2319.21875
107.60000000000001,2383.21875
107.7,2243.21875
107.80000000000001,2319.21875
107.9,2383.21875
108.0,2243.21875
108.10000000000001,2319.21875
108.2,2383.21875
108.30000000000001,2383.21875
108.4,2245.21875
108.5,2319.21875
108.60000000000001,2383.21875
108.7,2383.21875
108.80000000000001,2245.21875
108.9,2319.21875
109.0,2383.21875
109.10000000000001,2245.21875
109.2,2319.21875
109.30000000000001,2383.21875
109.4,2383.21875
109.5,2383.21875
109.60000000000001,2385.21875
109.7,2245.21875
109.80000000000001,2319.21875
109.9,2383.21875
110.0,2245.21875
110.10000000000001,2319.21875
110.2,2383.21875
110.30000000000001,2383.21875
110.4,2243.21875
110.5,2319.21875
110.60000000000001,2383.21875
110.7,2383.21875
110.80000000000001,2383.21875
110.9,2243.21875
111.0,2319.21875
111.10000000000001,2383.21875
111.2,2245.21875
111.30000000000001,2319.21875
111.4,2383.21875
111.5,2383.21875
111.60000000000001,2243.21875
111.7,2319.21875
111.80000000000001,2383.21875
111.9,2383.21875
112.0,2383.21875
112.10000000000001,2385.21875
112.2,2243.21875
112.30000000000001,2319.21875
112.4,2383.21875
112.5,2383.21875
112.60000000000001,2383.21875
112.7,2245.21875
112.80000000000001,2319.21875
112.9,2383.21875
113.0,2383.21875
113.10000000000001,2245.21875
113.2,2319.21875
113.30000000000001,2383.21875
113.4,2383.21875
113.5,2243.21875
113.60000000000001,2319.21875
113.7,2383.21875
113.80000000000001,2383.21875
113.9,2383.21875
114.0,2383.21875
114.10000000000001,2243.21875
114.2,2319.21875
114.30000000000001,2383.21875
114.4,2245.21875
114.5,2319.21875
114.60000000000001,2383.21875
114.7,2383.21875
114.80000000000001,2243.21875
114.9,2319.21875
115.0,2383.21875
115.10000000000001,2383.21875
115.2,2245.21875
115.30000000000001,2319.21875
115.4,2383.21875
115.5,2383.21875
115.60000000000001,2383.21875
115.7,2243.21875
115.80000000000001,2319.21875
115.9,2383.21875
116.0,2383.21875
116.10000000000001,2245.21875
116.2,2319.21875
116.30000000000001,2383.21875
116.4,2243.21875
116.5,2319.21875
116.60000000000001,2383.21875
116.7,2383.21875
116.80000000000001,2383.21875
116.9,2243.21875
117.0,2319.21875
117.10000000000001,2383.21875
117.2,2383.21875
117.30000000000001,2383.21875
117.4,2385.21875
117.5,2385.21875
117.60000000000001,2245.21875
117.7,2319.21875
117.80000000000001,2383.21875
117.9,2243.21875
118.0,2319.21875
118.10000000000001,2383.21875
118.2,2383.21875
118.30000000000001,2383.21875
118.4,2385.21875
118.5,2243.21875
118.60000000000001,2319.21875
118.7,2383.21875
118.80000000000001,2243.21875
118.9,2319.21875
119.0,2383.21875
119.10000000000001,2243.21875
119.2,2319.21875
119.30000000000001,2383.21875
119.4,2383.21875
119.5,2245.21875
119.60000000000001,2319.21875
119.7,2383.21875
119.80000000000001,2383.21875
119.9,2383.21875
120.0,2385.21875
120.10000000000001,2385.21875
120.2,2245.21875
120.30000000000001,2319.21875
120.4,2383.21875
120.5,2383.21875
120.60000000000001,2245.21875
120.7,2319.21875
120.80000000000001,2383.21875
120.9,2383.21875
121.0,2245.21875
121.10000000000001,2319.21875
121.2,2383.21875
121.30000000000001,2245.21875
121.4,2319.21875
121.5,2383.21875
121.60000000000001,2383.21875
121.7,2383.21875
121.80000000000001,2245.21875
121.9,2319.21875
122.0,2383.21875
122.10000000000001,2245.21875
122.2,2319.21875
122.30000000000001,2383.21875
122.4,2383.21875
122.5,2383.21875
122.60000000000001,2245.21875
122.7,2319.21875
122.80000000000001,2383.21875
122.9,2383.21875
123.0,2243.21875
123.10000000000001,2319.21875
123.2,2383.21875
123.30000000000001,2383.21875
123.4,2243.21875
123.5,2319.21875
123.60000000000001,2383.21875
123.7,2383.21875
123.80000000000001,2243.21875
123.9,2319.21875
124.0,2383.21875
124.10000000000001,2383.21875
124.2,2245.21875
124.30000000000001,2319.21875
124.4,2383.21875
124.5,2383.21875
124.60000000000001,2383.21875
124.7,2385.21875
124.80000000000001,2243.21875
124.9,2319.21875
125.0,2383.21875
125.10000000000001,2245.21875
125.2,2319.21875
125.30000000000001,2383.21875
125.4,2243.21875
125.5,2319.21875
125.60000000000001,2383.21875
125.7,2383.21875
125.80000000000001,2243.21875
125.9,2319.21875
126.0,2383.21875
126.10000000000001,2383.21875
126.2,2245.21875
126.30000000000001,2319.21875
126.4,2383.21875
126.5,2383.21875
126.60000000000001,2383.21875
126.7,2385.21875
126.80000000000001,2245.21875
126.9,2319.21875
127.0,2383.21875
127.10000000000001,2383.21875
127.2,2383.21875
127.30000000000001,2385.21875
127.4,2245.21875
127.5,2319.21875
127.60000000000001,2383.21875
127.7,2383.21875
127.80000000000001,2383.21875
127.9,2245.21875
128.0,2319.21875
128.1,2383.21875
128.20000000000002,2383.21875
128.3,2383.21875
128.4,2385.21875
128.5,2243.21875
128.6,2319.21875
128.70000000000002,2383.21875
128.8,2245.21875
128.9,2319.21875
129.0,2383.21875
129.1,2243.21875
129.20000000000002,2319.21875
129.3,2383.21875
129.4,2243.21875
129.5,2319.21875
129.6,2383.21875
129.70000000000002,2383.21875
129.8,2383.21875
129.9,2245.21875
130.0,2319.21875
130.1,2383.21875
130.20000000000002,2383.21875
130.3,2245.21875
130.4,2319.21875
130.5,2383.21875
130.6,2245.21875
130.70000000000002,2319.21875
130.8,2383.21875
130.9,2383.21875
131.0,2383.21875
131.1,2385.21875
131.20000000000002,2243.21875
131.3,2319.21875
131.4,2383.21875
131.5,2245.21875
131.6,2319.21875
131.70000000000002,2383.21875
131.8,2383.21875
131.9,2245.21875
132.0,2319.21875
132.1,2383.21875
132.20000000000002,2383.21875
132.3,2383.21875
132.4,2245.21875
132.5,2319.21875
132.6,2383.21875
132.70000000000002,2245.21875
132.8,2319.21875
132.9,2383.21875
133.0,2383.21875
133.1,2243.21875
133.20000000000002,2319.21875
133.3,2383.21875
133.4,2383.21875
133.5,2383.21875
133.6,2385.21875
133.70000000000002,2243.21875
133.8,2319.21875
133.9,2383.21875
134.0,2383.21875
134.1,2331.21875
134.20000000000002,2245.21875
134.3,2319.21875
134.4,2383.21875
134.5,2383.21875
134.6,2245.21875
134.70000000000002,2319.21875
134.8,2383.21875
134.9,2383.21875
135.0,2383.21875
135.1,2243.21875
135.20000000000002,2319.21875
135.3,2383.21875
135.4,2383.21875
135.5,2383.21875
135.6,2385.21875
135.70000000000002,2245.21875
135.8,2319.21875
135.9,2383.21875
136.0,2243.21875
136.1,2319.21875
136.20000000000002,2383.21875
136.3,2383.21875
136.4,2243.21875
136.5,2319.21875
136.6,2383.21875
136.70000000000002,2383.21875
136.8,2383.21875
136.9,2245.21875
137.0,2319.21875
137.1,2383.21875
137.20000000000002,2383.21875
137.3,2383.21875
137.4,2385.21875
137.5,2245.21875
137.6,2319.21875
137.70000000000002,2383.21875
137.8,2383.21875
137.9,2243.21875
138.0,2319.21875
138.1,2383.21875
138.20000000000002,2245.21875
138.3,2319.21875
138.4,2383.21875
138.5,2383.21875
138.6,2383.21875
138.70000000000002,2243.21875
138.8,2319.21875
138.9,2383.21875
139.0,2383.21875
139.1,2383.21875
139.20000000000002,2385.21875
139.3,2385.21875
139.4,2245.21875
139.5,2319.21875
139.6,2383.21875
139.70000000000002,2245.21875
139.8,2319.21875
139.9,2383.21875
140.0,2383.21875
140.1,2383.21875
140.20000000000002,2385.21875
140.3,2245.21875
140.4,2319.21875
140.5,2383.21875
140.6,2243.21875
140.70000000000002,2319.21875
140.8,2383.21875
140.9,2245.21875
141.0,2319.21875
141.1,2383.21875
141.20000000000002,2243.21875
141.3,2319.21875
141.4,2383.21875
141.5,2383.21875
141.6,2383.21875
141.70000000000002,2385.21875
141.8,2385.21875
141.9,2245.21875
142.0,2319.21875
142.1,2383.21875
142.20000000000002,2383.21875
142.3,2245.21875
142.4,2319.21875
142.5,2383.21875
142.6,2243.21875
142.70000000000002,2319.21875
142.8,2383.21875
142.9,2245.21875
143.0,2319.21875
143.1,2383.21875
143.20000000000002,2383.21875
143.3,2383.21875
143.4,2245.21875
143.5,2319.21875
143.6,2383.21875
143.70000000000002,2243.21875
143.8,2319.21875
143.9,2383.21875
144.0,2383.21875
144.1,2383.21875
144.20000000000002,2243.21875
144.3,2319.21875
144.4,2383.21875
144.5,2383.21875
144.6,2245.21875
144.70000000000002,2319.21875
144.8,2383.21875
144.9,2383.21875
145.0,2245.21875
145.1,2319.21875
145.20000000000002,2383.21875
145.3,2383.21875
145.4,2243.21875
145.5,2319.21875
145.6,2383.21875
145.70000000000002,2383.21875
145.8,2291.21875
145.9,2243.21875
146.0,2319.21875
146.1,2383.21875
146.20000000000002,2383.21875
146.3,2383.21875
146.4,2383.21875
146.5,2243.21875
146.6,2319.21875
146.70000000000002,2383.21875
146.8,2245.21875
146.9,2319.21875
147.0,2383.21875
147.1,2245.21875
147.20000000000002,2319.21875
147.3,2383.21875
147.4,2383.21875
147.5,2243.21875
147.6,2319.21875
147.70000000000002,2383.21875
147.8,2383.21875
147.9,2245.21875
148.0,2319.21875
148.1,2383.21875
148.20000000000002,2383.21875
148.3,2383.21875
148.4,2385.21875
148.5,2245.21875
148.6,2319.21875
148.70000000000002,2383.21875
148.8,2383.21875
148.9,2383.21875
149.0,2385.21875
149.1,2245.21875
149.20000000000002,2319.21875
149.3,2383.21875
149.4,2383.21875
149.5,2383.21875
149.6,2385.21875
149.70000000000002,2245.21875
149.8,2319.21875
149.9,2383.21875
150.0,2383.21875
150.1,2383.21875
150.20000000000002,2385.21875
150.3,2243.21875
150.4,2319.21875
150.5,2383.21875
150.6,2245.21875
150.70000000000002,2319.21875
150.8,2383.21875
150.9,2245.21875
151.0,2319.21875
151.1,2383.21875
151.20000000000002,2245.21875
151.3,2319.21875
151.4,2383.21875
151.5,2383.21875
151.6,2243.21875
151.70000000000002,2319.21875
151.8,2383.21875
151.9,2383.21875
152.0,2245.21875
152.1,2319.21875
152.20000000000002,2383.21875
152.3,2243.21875
152.4,2319.21875
152.5,2383.21875
152.6,2383.21875
152.70000000000002,2383.21875
152.8,2385.21875
152.9,2245.21875
153.0,2319.21875
153.1,2383.21875
153.20000000000002,2243.21875
153.3,2319.21875
153.4,2383.21875
153.5,2383.21875
153.60000000000002,2245.21875
153.70000000000002,2319.21875
153.8,2383.21875
153.9,2383.21875
154.0,2383.21875
154.10000000000002,2243.21875
154.20000000000002,2319.21875
154.3,2383.21875
154.4,2245.21875
154.5,2319.21875
154.60000000000002,2383.21875
154.70000000000002,2383.21875
154.8,2243.21875
154.9,2319.21875
155.0,2383.21875
155.10000000000002,2383.21875
155.20000000000002,2383.21875
155.3,2385.21875
155.4,2245.21875
155.5,2319.21875
155.60000000000002,2383.21875
155.70000000000002,2383.21875
155.8,2245.21875
155.9,2319.21875
156.0,2383.21875
156.10000000000002,2383.21875
156.20000000000002,2245.21875
156.3,2319.21875
156.4,2383.21875
156.5,2383.21875
156.60000000000002,2383.21875
156.70000000000002,2245.21875
156.8,2319.21875
156.9,2383.21875
157.0,2383.21875
157.10000000000002,2383.21875
157.20000000000002,2385.21875
157.3,2245.21875
157.4,2319.21875
157.5,2383.21875
157.60000000000002,2243.21875
157.70000000000002,2319.21875
157.8,2383.21875
157.9,2383.21875
158.0,2245.21875
158.10000000000002,2319.21875
158.20000000000002,2383.21875
158.3,2383.21875
158.4,2383.21875
158.5,2245.21875
158.60000000000002,2319.21875
158.70000000000002,2383.21875
158.8,2383.21875
158.9,2383.21875
159.0,2385.21875
159.10000000000002,2245.21875
159.20000000000002,2319.21875
159.3,2383.21875
159.4,2383.21875
159.5,2243.21875
159.60000000000002,2319.21875
159.70000000000002,2383.21875
159.8,2245.21875
159.9,2319.21875
160.0,2383.21875
160.10000000000002,2383.21875
160.20000000000002,2383.21875
160.3,2243.21875
160.4,2319.21875
160.5,2383.21875
160.60000000000002,2383.21875
160.70000000000002,2383.21875
160.8,2385.21875
160.9,2245.21875
161.0,2319.21875
161.10000000000002,2383.21875
161.20000000000002,2245.21875
161.3,2319.21875
161.4,2383.21875
161.5,2383.21875
161.60000000000002,2383.21875
161.70000000000002,2385.21875
161.8,2243.21875
161.9,2319.21875
162.0,2383.21875
162.10000000000002,2243.21875
162.20000000000002,2319.21875
162.3,2383.21875
162.4,2245.21875
162.5,2319.21875
162.60000000000002,2383.21875
162.70000000000002,2243.21875
162.8,2319.21875
162.9,2383.21875
163.0,2383.21875
163.10000000000002,2383.21875
163.20000000000002,2385.21875
163.3,2245.21875
163.4,2319.21875
163.5,2383.21875
163.60000000000002,2243.21875
163.70000000000002,2319.21875
163.8,2383.21875
163.9,2383.21875
164.0,2243.21875
164.10000000000002,2319.21875
164.20000000000002,2383.21875
164.3,2245.21875
164.4,2319.21875
164.5,2383.21875
164.60000000000002,2383.21875
164.70000000000002,2383.21875
164.8,2245.21875
164.9,2319.21875
165.0,2383.21875
165.10000000000002,2243.21875
165.20000000000002,2319.21875
165.3,2383.21875
165.4,2383.21875
165.5,2243.21875
165.60000000000002,2319.21875
165.70000000000002,2383.21875
165.8,2383.21875
165.9,2245.21875
166.0,2319.21875
166.10000000000002,2383.21875
166.20000000000002,2383.21875
166.3,2245.21875
166.4,2319.21875
166.5,2383.21875
166.60000000000002,2383.21875
166.70000000000002,2243.21875
166.8,2319.21875
166.9,2383.21875
167.0,2383.21875
167.10000000000002,2383.21875
167.20000000000002,2243.21875
167.3,2319.21875
167.4,2383.21875
167.5,2383.21875
167.60000000000002,2383.21875
167.70000000000002,2383.21875
167.8,2243.21875
167.9,2319.21875
168.0,2383.21875
168.10000000000002,2245.21875
168.20000000000002,2319.21875
168.3,2383.21875
168.4,2251.21875
168.5,2245.21875
168.60000000000002,2319.21875
168.70000000000002,2383.21875
168.8,2383.21875
168.9,2243.21875
169.0,2319.21875
169.10000000000002,2383.21875
169.20000000000002,2383.21875
169.3,2245.21875
169.4,2319.21875
169.5,2383.21875
169.60000000000002,2383.21875
169.70000000000002,2383.21875
169.8,2385.21875
169.9,2245.21875
170.0,2319.21875
170.10000000000002,2383.21875
170.20000000000002,2383.21875
170.3,2383.21875
170.4,2385.21875
170.5,2245.21875
170.60000000000002,2319.21875
170.70000000000002,2383.21875
170.8,2383.21875
170.9,2383.21875
171.0,2245.21875
171.10000000000002,2319.21875
171.20000000000002,2383.21875
171.3,2383.21875
171.4,2383.21875
171.5,2385.21875
171.60000000000002,2243.21875
171.70000000000002,2319.21875
171.8,2383.21875
171.9,2383.21875
172.0,2245.21875
172.10000000000002,2319.21875
172.20000000000002,2383.21875
172.3,2245.21875
172.4,2319.21875
172.5,2383.21875
172.60000000000002,2245.21875
172.70000000000002,2319.21875
172.8,2383.21875
172.9,2383.21875
173.0,2243.21875
173.10000000000002,2319.21875
173.20000000000002,2383.21875
173.3,2251.21875
173.4,2245.21875
173.5,2319.21875
173.60000000000002,2383.21875
173.70000000000002,2243.21875
173.8,2319.21875
173.9,2383.21875
174.0,2383.21875
174.10000000000002,2383.21875
174.20000000000002,2385.21875
174.3,2243.21875
174.4,2319.21875
174.5,2383.21875
174.60000000000002,2243.21875
174.70000000000002,2319.21875
174.8,2383.21875
174.9,2383.21875
175.0,2245.21875
175.10000000000002,2319.21875
175.20000000000002,2383.21875
175.3,2383.21875
175.4,2383.21875
175.5,2245.21875
175.60000000000002,2319.21875
175.70000000000002,2383.21875
175.8,2245.21875
175.9,2319.21875
176.0,2383.21875
176.10000000000002,2383.21875
176.20000000000002,2243.21875
176.3,2319.21875
176.4,2383.21875
176.5,2383.21875
176.60000000000002,2383.21875
176.70000000000002,2385.21875
176.8,2385.21875
176.9,2245.21875
177.0,2319.21875
177.10000000000002,2383.21875
177.20000000000002,2383.21875
177.3,2383.21875
177.4,2245.21875
177.5,2319.21875
177.60000000000002,2383.21875
177.70000000000002,2245.21875
177.8,2319.21875
177.9,2383.21875
178.0,2383.21875
178.10000000000002,2383.21875
178.20000000000002,2243.21875
178.3,2319.21875
178.4,2383.21875
178.5,2383.21875
178.60000000000002,2383.21875
178.70000000000002,2385.21875
178.8,2245.21875
178.9,2319.21875
179.0,2383.21875
179.10000000000002,2243.21875
179.20000000000002,2319.21875
179.3,2383.21875
179.4,2383.21875
179.5,2243.21875
179.60000000000002,2319.21875
179.70000000000002,2383.21875
179.8,2383.21875
179.9,2243.21875
180.0,2319.21875
180.10000000000002,2383.21875
180.20000000000002,2383.21875
180.3,2383.21875
180.4,2243.21875
180.5,2319.21875
180.60000000000002,2383.21875
180.70000000000002,2383.21875
180.8,2245.21875
180.9,2319.21875
181.0,2383.21875
181.10000000000002,2243.21875
181.20000000000002,2319.21875
181.3,2383.21875
181.4,2383.21875
181.5,2383.21875
181.60000000000002,2243.21875
181.70000000000002,2319.21875
181.8,2383.21875
181.9,2383.21875
182.0,2383.21875
182.10000000000002,2385.21875
182.20000000000002,2243.21875
182.3,2319.21875
182.4,2383.21875
182.5,2245.21875
182.60000000000002,2319.21875
182.70000000000002,2383.21875
182.8,2383.21875
182.9,2383.21875
183.0,2385.21875
183.10000000000002,2243.21875
183.20000000000002,2319.21875
183.3,2383.21875
183.4,2243.21875
183.5,2319.21875
183.60000000000002,2383.21875
183.70000000000002,2245.21875
183.8,2319.21875
183.9,2383.21875
184.0,2245.21875
184.10000000000002,2319.21875
184.20000000000002,2383.21875
184.3,2383.21875
184.4,2383.21875
184.5,2385.21875
184.60000000000002,2385.21875
184.70000000000002,2245.21875
184.8,2319.21875
184.9,2383.21875
185.0,2383.21875
185.10000000000002,2243.21875
185.20000000000002,2319.21875
185.3,2383.21875
185.4,2383.21875
185.5,2243.21875
185.60000000000002,2319.21875
185.70000000000002,2383.21875
185.8,2245.21875
185.9,2319.21875
186.0,2383.21875
186.10000000000002,2383.21875
186.20000000000002,2383.21875
186.3,2243.21875
186.4,2319.21875
186.5,2383.21875
186.60000000000002,2243.21875
186.70000000000002,2319.21875
186.8,2383.21875
186.9,2383.21875
187.0,2383.21875
187.10000000000002,2245.21875
187.20000000000002,2319.21875
187.3,2383.21875
187.4,2383.21875
187.5,2243.21875
187.60000000000002,2319.21875
187.70000000000002,2383.21875
187.8,2383.21875
187.9,2243.21875
188.0,2319.21875
188.10000000000002,2383.21875
188.20000000000002,2383.21875
188.3,2243.21875
188.4,2319.21875
188.5,2383.21875
188.60000000000002,2383.21875
188.70000000000002,2383.21875
188.8,2243.21875
188.9,2319.21875
189.0,2383.21875
189.10000000000002,2383.21875
189.20000000000002,2383.21875
189.3,2385.21875
189.4,2245.21875
189.5,2319.21875
189.60000000000002,2383.21875
189.70000000000002,2243.21875
189.8,2319.21875
189.9,2383.21875
190.0,2383.21875
190.10000000000002,2243.21875
190.20000000000002,2319.21875
190.3,2383.21875
190.4,2383.21875
190.5,2243.21875
190.60000000000002,2319.21875
190.70000000000002,2383.21875
190.8,2383.21875
190.9,2243.21875
191.0,2319.21875
191.10000000000002,2383.21875
191.20000000000002,2383.21875
191.3,2383.21875
191.4,2385.21875
191.5,2243.21875
191.60000000000002,2319.21875
191.70000000000002,2383.21875
191.8,2383.21875
191.9,2383.21875
192.0,2385.21875
192.10000000000002,2243.21875
192.20000000000002,2319.21875
192.3,2383.21875
192.4,2383.21875
192.5,2383.21875
192.60000000000002,2245.21875
192.70000000000002,2319.21875
192.8,2383.21875
192.9,2383.21875
193.0,2383.21875
193.10000000000002,2385.21875
193.20000000000002,2245.21875
193.3,2319.21875
193.4,2383.21875
193.5,2243.21875
193.60000000000002,2319.21875
193.70000000000002,2383.21875
193.8,2243.21875
193.9,2319.21875
194.0,2383.21875
194.10000000000002,2245.21875
194.20000000000002,2319.21875
194.3,2383.21875
194.4,2383.21875
194.5,2245.21875
194.60000000000002,2319.21875
194.70000000000002,2383.21875
194.8,2243.21875
194.9,2319.21875
195.0,2383.21875
195.10000000000002,2245.21875
195.20000000000002,2319.21875
195.3,2383.21875
195.4,2383.21875
195.5,2383.21875
195.60000000000002,2385.21875
195.70000000000002,2243.21875
195.8,2319.21875
195.9,2383.21875
196.0,2243.21875
196.10000000000002,2319.21875
196.20000000000002,2383.21875
196.3,2383.21875
196.4,2245.21875
196.5,2319.21875
196.60000000000002,2383.21875
196.70000000000002,2383.21875
196.8,2383.21875
196.9,2245.21875
197.0,2319.21875
197.10000000000002,2383.21875
197.20000000000002,2243.21875
197.3,2319.21875
197.4,2383.21875
197.5,2383.21875
197.60000000000002,2245.21875
197.70000000000002,2319.21875
197.8,2383.21875
197.9,2383.21875
198.0,2383.21875
198.10000000000002,2385.21875
198.20000000000002,2245.21875
198.3,2319.21875
198.4,2383.21875
198.5,2383.21875
198.60000000000002,2383.21875
198.70000000000002,2245.21875
198.8,2319.21875
198.9,2383.21875
199.0,2383.21875
199.10000000000002,2245.21875
199.20000000000002,2319.21875
199.3,2383.21875
199.4,2383.21875
199.5,2383.21875
199.60000000000002,2243.21875
199.70000000000002,2319.21875
199.8,2383.21875
199.9,2383.21875
200.0,2383.21875
200.10000000000002,2385.21875
200.20000000000002,2243.21875
200.3,2319.21875
200.4,2383.21875
200.5,2383.21875
200.60000000000002,2245.21875
200.70000000000002,2319.21875
200.8,2383.21875
200.9,2383.21875
201.0,2243.21875
201.10000000000002,2319.21875
201.20000000000002,2383.21875
201.3,2383.21875
201.4,2383.21875
201.5,2243.21875
201.60000000000002,2319.21875
201.70000000000002,2383.21875
201.8,2383.21875
201.9,2383.21875
202.0,2245.21875
202.10000000000002,2319.21875
202.20000000000002,2383.21875
202.3,2383.21875
202.4,2245.21875
202.5,2319.21875
202.60000000000002,2383.21875
202.70000000000002,2243.21875
202.8,2319.21875
202.9,2383.21875
203.0,2383.21875
203.10000000000002,2383.21875
203.20000000000002,2243.21875
203.3,2319.21875
203.4,2383.21875
203.5,2383.21875
203.60000000000002,2383.21875
203.70000000000002,2385.21875
203.8,2243.21875
203.9,2319.21875
204.0,2383.21875
204.10000000000002,2245.21875
204.20000000000002,2319.21875
204.3,2383.21875
204.4,2383.21875
204.5,2383.21875
204.60000000000002,2385.21875
204.70000000000002,2385.21875
204.8,2243.21875
204.9,2319.21875
205.0,2383.21875
205.10000000000002,2243.21875
205.20000000000002,2319.21875
205.3,2383.21875
205.4,2245.21875
205.5,2319.21875
205.60000000000002,2383.21875
205.70000000000002,2383.21875
205.8,2243.21875
205.9,2319.21875
206.0,2383.21875
206.10000000000002,2383.21875
206.20000000000002,2383.21875
206.3,2385.21875
206.4,2385.21875
206.5,2245.21875
206.60000000000002,2319.21875
206.70000000000002,2383.21875
206.8,2383.21875
206.9,2245.21875
207.0,2319.21875
207.10000000000002,2383.21875
207.20000000000002,2383.21875
207.3,2243.21875
207.4,2319.21875
207.5,2383.21875
207.60000000000002,2245.21875
207.70000000000002,2319.21875
207.8,2383.21875
207.9,2383.21875
208.0,2383.21875
208.10000000000002,2243.21875
208.20000000000002,2319.21875
208.3,2383.21875
208.4,2243.21875
208.5,2319.21875
208.60000000000002,2383.21875
208.70000000000002,2383.21875
208.8,2383.21875
208.9,2245.21875
209.0,2319.21875
209.10000000000002,2383.21875
209.20000000000002,2383.21875
209.3,2243.21875
209.4,2319.21875
209.5,2383.21875
209.60000000000002,2243.21875
209.70000000000002,2319.21875
209.8,2383.21875
209.9,2245.21875
210.0,2320.90625
210.10000000000002,2384.90625
210.20000000000002,2384.90625
210.3,2384.90625
210.4,2246.90625
210.5,2320.90625
210.60000000000002,2384.90625
210.70000000000002,2384.90625
210.8,2384.90625
210.9,2386.90625
211.0,2244.90625
211.10000000000002,2320.90625
211.20000000000002,2384.90625
211.3,2244.90625
211.4,2320.90625
211.5,2384.90625
211.60000000000002,2384.90625
211.70000000000002,2244.90625
211.8,2320.90625
211.9,2384.90625
212.0,2384.90625
212.10000000000002,2244.90625
212.20000000000002,2320.90625
212.3,2384.90625
212.4,2384.90625
212.5,2244.90625
212.60000000000002,2320.90625
212.70000000000002,2384.90625
212.8,2384.90625
212.9,2384.90625
213.0,2386.90625
213.10000000000002,2244.90625
213.20000000000002,2320.90625
213.3,2384.90625
213.4,2384.90625
213.5,2384.90625
213.60000000000002,2386.90625
213.70000000000002,2244.90625
213.8,2320.90625
213.9,2384.90625
214.0,2384.90625
214.10000000000002,2384.90625
214.20000000000002,2386.90625
214.3,2246.90625
214.4,2320.90625
214.5,2384.90625
214.60000000000002,2384.90625
214.70000000000002,2384.90625
214.8,2386.90625
214.9,2246.90625
215.0,2320.90625
215.10000000000002,2384.90625
215.20000000000002,2244.90625
215.3,2320.90625
215.4,2384.90625
215.5,2244.90625
215.60000000000002,2320.90625
215.70000000000002,2384.90625
215.8,2246.90625
215.9,2320.90625
216.0,2384.90625
216.10000000000002,2384.90625
216.20000000000002,2384.90625
216.3,2246.90625
216.4,2320.90625
216.5,2384.90625
216.60000000000002,2384.90625
216.70000000000002,2244.90625
216.8,2320.90625
216.9,2384.90625
217.0,2246.90625
217.10000000000002,2320.90625
217.20000000000002,2384.90625
217.3,2384.90625
217.4,2384.90625
217.5,2370.90625
217.60000000000002,2244.90625
217.70000000000002,2320.90625
217.8,2384.90625
217.9,2244.90625
218.0,2320.90625
218.10000000000002,2384.90625
218.20000000000002,2384.90625
218.3,2246.90625
218.4,2320.90625
218.5,2384.90625
218.60000000000002,2384.90625
218.70000000000002,2384.90625
218.8,2246.90625
218.9,2320.90625
219.0,2384.90625
219.10000000000002,2244.90625
219.20000000000002,2320.90625
219.3,2384.90625
219.4,2384.90625
219.5,2244.90625
219.60000000000002,2320.90625
219.70000000000002,2384.90625
219.8,2384.90625
219.9,2384.90625
220.0,2386.90625
220.10000000000002,2386.90625
220.20000000000002,2246.90625
220.3,2320.90625
220.4,2384.90625
220.5,2384.90625
220.60000000000002,2384.90625
220.70000000000002,2246.90625
220.8,2320.90625
220.9,2384.90625
221.0,2246.90625
